{
  "generation": 15,
  "best_idx": 15,
  "best_fitness": 4.68958646034588,
  "all_fitness": [
    1.9164083772463805,
    2.040902040715286,
    1.6340484066629546,
    1.8004948218485441,
    2.2487720790395085,
    1.7924831073760614,
    1.6380028299501836,
    1.491494722462052,
    1.856867450863359,
    1.688415649321686,
    2.3394676462294743,
    -1000000000.0,
    1.773528319619422,
    1.5193687355899284,
    1.555107746699819,
    4.68958646034588,
    1.6669289636747047,
    2.188933128229757,
    1.5973570007020907,
    2.03348347685408
  ],
  "best_individual_metrics": {
    "completed_orders": 21,
    "total_orders": 25,
    "completion_rate": 0.84,
    "avg_order_processing_time": 277.2857142857143,
    "total_completion_time": 5823.0,
    "execution_time_seconds": 171.46089601516724,
    "avg_wait_time": 31.0,
    "max_wait_time": 31,
    "total_wait_time": 1209.0,
    "evaluation_ticks": 1303,
    "total_energy_consumed": 790.1356500129943,
    "energy_per_order": 37.62550714347592,
    "robot_utilization": 0.4623333333333064,
    "total_stop_go_events": 877,
    "avg_traffic_rate": 0.026245499978434703,
    "avg_intersection_congestion": 1.25,
    "max_intersection_congestion": 3,
    "spillback_penalty_total": 5877.0,
    "signal_switch_count": 618,
    "total_reward": 0.0
  }
}