{
  "generation": 1,
  "best_idx": 15,
  "best_fitness": 2.4580210838735446,
  "all_fitness": [
    2.3305291763286315,
    -1000000000.0,
    2.1480809097812146,
    2.0623997884652163,
    1.6673107938233653,
    1.7451962713839733,
    1.5740841163959673,
    1.914378253925379,
    -1000000000.0,
    1.6766152044147975,
    1.8297065085600508,
    1.1647868952349087,
    2.1457782721664005,
    1.519085361058661,
    1.6937294265351746,
    2.4580210838735446,
    2.0591738216480677,
    1.581696724287554,
    2.346477437420701,
    1.9315627459439744
  ],
  "best_individual_metrics": {
    "completed_orders": 14,
    "total_orders": 26,
    "completion_rate": 0.5384615384615384,
    "avg_order_processing_time": 203.21428571428572,
    "total_completion_time": 2845.0,
    "execution_time_seconds": 167.5980908870697,
    "avg_wait_time": 30.714285714285715,
    "max_wait_time": 31,
    "total_wait_time": 1075.0,
    "evaluation_ticks": 1206,
    "total_energy_consumed": 1112.7738127256687,
    "energy_per_order": 79.4838437661192,
    "robot_utilization": 0.8355555555555474,
    "total_stop_go_events": 906,
    "avg_traffic_rate": 0.02410890228604518,
    "avg_intersection_congestion": 1.0,
    "max_intersection_congestion": 1,
    "spillback_penalty_total": 8280.0,
    "signal_switch_count": 632,
    "total_reward": 0.0
  }
}