{
  "generation": 25,
  "best_idx": 7,
  "best_fitness": 4.290787930967908,
  "all_fitness": [
    2.4889279545689513,
    3.129233555495589,
    3.025684149809887,
    3.8004726915635407,
    2.879277954779891,
    3.1944497364008333,
    -1000000000.0,
    4.290787930967908,
    -1000000000.0,
    3.00870489214074,
    3.153283005108343,
    2.8023105371026613,
    2.718917124256738,
    2.9239886951482466,
    2.690699310664759,
    2.5879743632033945,
    2.593223146329879,
    2.7491970326773383,
    3.1400251783517033,
    2.8086022470197625
  ],
  "best_individual_metrics": {
    "completed_orders": 37,
    "total_orders": 48,
    "completion_rate": 0.7708333333333334,
    "avg_order_processing_time": 371.02702702702703,
    "total_completion_time": 13728,
    "execution_time_seconds": 487.91444969177246,
    "avg_wait_time": 30.70967741935484,
    "max_wait_time": 31,
    "total_wait_time": 1904.0,
    "evaluation_ticks": 3638,
    "total_energy_consumed": 1832.4967433413492,
    "energy_per_order": 49.52693900922566,
    "robot_utilization": 0.9164166666666667,
    "total_stop_go_events": 2377,
    "avg_traffic_rate": 0.025523462266109163,
    "avg_intersection_congestion": 1.25,
    "max_intersection_congestion": 3,
    "spillback_penalty_total": 9063.0,
    "signal_switch_count": 1843,
    "total_reward": 0.0
  }
}