{
  "generation": 3,
  "best_idx": 1,
  "best_fitness": 1600335.3999999769,
  "all_fitness": [
    1277303.549999982,
    1600335.3999999769,
    1343518.9999999807,
    1301165.7999999865,
    1321807.7499999872,
    935418.9999999967,
    866094.4749999974,
    1124512.099999993,
    1109776.8999999904,
    -1000000000.0,
    1017857.724999995,
    924469.2749999925,
    882864.2999999963,
    -1000000000.0,
    1206316.724999993,
    1120550.2749999897,
    -1000000000.0,
    1016636.5249999962,
    935333.3499999922,
    1410527.9749999796
  ],
  "best_individual_metrics": {
    "completed_orders": 46,
    "total_orders": 80,
    "completion_rate": 0.575,
    "avg_order_processing_time": 695.0217391304348,
    "total_completion_time": 31971,
    "execution_time_seconds": 519.4848947525024,
    "avg_wait_time": 30.726027397260275,
    "max_wait_time": 31,
    "total_wait_time": 2243.0,
    "evaluation_ticks": 3789,
    "total_energy_consumed": 1244.1176577759056,
    "energy_per_order": 27.046036038606644,
    "robot_utilization": 0.9006249999999998,
    "total_stop_go_events": 2496,
    "avg_traffic_rate": 0.02374255938399414,
    "avg_intersection_congestion": 1.2727272727272727,
    "max_intersection_congestion": 2,
    "spillback_penalty_total": 0.0,
    "signal_switch_count": 1856,
    "total_reward": 1600335.3999999769
  }
}