{
  "generation": 6,
  "best_idx": 18,
  "best_fitness": 4.2853266480164445,
  "all_fitness": [
    3.809115073777125,
    2.7377449448274325,
    4.263486786126391,
    3.138572503026228,
    -1000000000.0,
    3.7075471455784488,
    3.144632485815158,
    4.097006934436965,
    2.7187000257026184,
    2.4508936068430414,
    3.180238356660824,
    3.6919080421614274,
    3.258816073820178,
    2.3729274666091564,
    3.5079950458808864,
    4.270816776981126,
    3.1696323806924345,
    3.7071026720825953,
    4.2853266480164445,
    3.242807207558163
  ],
  "best_individual_metrics": {
    "completed_orders": 41,
    "total_orders": 80,
    "completion_rate": 0.5125,
    "avg_order_processing_time": 730.9024390243902,
    "total_completion_time": 29967,
    "execution_time_seconds": 514.1079313755035,
    "avg_wait_time": 30.983870967741936,
    "max_wait_time": 31,
    "total_wait_time": 1921.0,
    "evaluation_ticks": 3574,
    "total_energy_consumed": 1900.6406684358226,
    "energy_per_order": 46.35708947404445,
    "robot_utilization": 0.9173333333333332,
    "total_stop_go_events": 2391,
    "avg_traffic_rate": 0.023768071616249956,
    "avg_intersection_congestion": 1.3,
    "max_intersection_congestion": 2,
    "spillback_penalty_total": 10945.0,
    "signal_switch_count": 1877,
    "total_reward": 0.0
  }
}