{
  "generation": 24,
  "best_idx": 12,
  "best_fitness": 204891.40000000066,
  "all_fitness": [
    128735.24999999975,
    113857.09999999964,
    173919.10000000015,
    103081.97499999999,
    107076.1249999998,
    123107.02499999967,
    91211.09999999973,
    -1000000000.0,
    129955.49999999997,
    125002.84999999998,
    130118.47499999958,
    127492.57499999994,
    204891.40000000066,
    109622.92499999958,
    161484.57500000024,
    104665.69999999968,
    97794.24999999987,
    107300.44999999968,
    157344.42500000008,
    134247.8249999996
  ],
  "best_individual_metrics": {
    "completed_orders": 14,
    "total_orders": 58,
    "completion_rate": 0.2413793103448276,
    "avg_order_processing_time": 218.14285714285714,
    "total_completion_time": 3054,
    "execution_time_seconds": 180.1574046611786,
    "avg_wait_time": 30.529411764705884,
    "max_wait_time": 31,
    "total_wait_time": 1038.0,
    "evaluation_ticks": 1507,
    "total_energy_consumed": 582.252502394793,
    "energy_per_order": 41.58946445677093,
    "robot_utilization": 0.7654444444444326,
    "total_stop_go_events": 951,
    "avg_traffic_rate": 0.029152685677839185,
    "avg_intersection_congestion": 1.3636363636363635,
    "max_intersection_congestion": 3,
    "spillback_penalty_total": 0.0,
    "signal_switch_count": 690,
    "total_reward": 204891.40000000066
  }
}