{
  "generation": 8,
  "best_idx": 9,
  "best_fitness": -2497.4103072307817,
  "all_fitness": [
    -3354.8333809150686,
    -4499.146666733155,
    -5034.638840384104,
    -4885.944897518924,
    -3575.3444102687654,
    -3620.934588295276,
    -7886.217358784219,
    -4034.436915189383,
    -3431.1620966909413,
    -2497.4103072307817
  ]
}