{
  "generation": 19,
  "best_idx": 1,
  "best_fitness": 1483611.2749999922,
  "all_fitness": [
    1117325.949999992,
    1483611.2749999922,
    966417.974999992,
    1175337.9999999877,
    1129235.2749999894,
    1102661.274999991,
    1370954.0999999908,
    991847.574999988,
    1245488.149999983,
    1399041.7999999928,
    1106951.3499999929,
    1143979.0249999906,
    -1000000000.0,
    1177945.6499999848,
    1307919.7499999863,
    1073194.7749999906,
    1143240.774999993,
    1207999.89999999,
    1159707.8499999903,
    1204207.0249999857
  ],
  "best_individual_metrics": {
    "completed_orders": 43,
    "total_orders": 80,
    "completion_rate": 0.5375,
    "avg_order_processing_time": 652.2093023255813,
    "total_completion_time": 28045,
    "execution_time_seconds": 534.8890402317047,
    "avg_wait_time": 31.0,
    "max_wait_time": 31,
    "total_wait_time": 1953.0,
    "evaluation_ticks": 3593,
    "total_energy_consumed": 1399.7655470585746,
    "energy_per_order": 32.552687140897085,
    "robot_utilization": 0.9330416666666667,
    "total_stop_go_events": 2437,
    "avg_traffic_rate": 0.025423577387323815,
    "avg_intersection_congestion": 1.2307692307692308,
    "max_intersection_congestion": 3,
    "spillback_penalty_total": 0.0,
    "signal_switch_count": 2100,
    "total_reward": 1483611.2749999922
  }
}