{
  "generation": 29,
  "best_idx": 8,
  "best_fitness": 5.259382504283687,
  "all_fitness": [
    3.2318584119272376,
    3.2812003321223697,
    3.270272741250576,
    3.0982344301022917,
    4.281983611944655,
    3.198306846977513,
    3.7523422167618,
    3.9768319304817785,
    5.259382504283687,
    3.638711766842547,
    4.539200108501024,
    3.0501020142054656,
    3.687703107923294,
    4.714075734113139,
    4.790082510201233,
    5.142046122979296,
    2.3951452452341844,
    3.539776337307054,
    3.6470413268568156,
    3.4639704820248483
  ],
  "best_individual_metrics": {
    "completed_orders": 45,
    "total_orders": 80,
    "completion_rate": 0.5625,
    "avg_order_processing_time": 634.2222222222222,
    "total_completion_time": 28540,
    "execution_time_seconds": 494.53111958503723,
    "avg_wait_time": 30.666666666666668,
    "max_wait_time": 31,
    "total_wait_time": 1748.0,
    "evaluation_ticks": 3873,
    "total_energy_consumed": 1302.750387716681,
    "energy_per_order": 28.950008615926244,
    "robot_utilization": 0.9109583333333328,
    "total_stop_go_events": 2475,
    "avg_traffic_rate": 0.025181958663846746,
    "avg_intersection_congestion": 1.25,
    "max_intersection_congestion": 2,
    "spillback_penalty_total": 8982.0,
    "signal_switch_count": 1950,
    "total_reward": 0.0
  }
}