{
  "generation": 7,
  "best_idx": 5,
  "best_fitness": 3.3111692815220324,
  "all_fitness": [
    3.0108315581871974,
    1.5224784586606581,
    1.43737434507733,
    1.6753070655059552,
    1.5181772119963581,
    3.3111692815220324,
    1.984298153455027,
    1.7287451131298703,
    1.7873484473890595,
    2.566039780112572,
    1.5276799563981658,
    1.7193399946585688,
    2.159487264554826,
    2.5106168327427856,
    1.864976551114851,
    1.8698254933921032,
    1.3355428636480908,
    1.4517885963398065,
    1.7380131467002722,
    1.4828098327161143
  ],
  "best_individual_metrics": {
    "completed_orders": 19,
    "total_orders": 24,
    "completion_rate": 0.7916666666666666,
    "avg_order_processing_time": 279.4736842105263,
    "total_completion_time": 5310.0,
    "execution_time_seconds": 162.06535410881042,
    "avg_wait_time": 30.48,
    "max_wait_time": 31,
    "total_wait_time": 762.0,
    "evaluation_ticks": 1118,
    "total_energy_consumed": 1103.0843851661507,
    "energy_per_order": 58.05707290348162,
    "robot_utilization": 0.40911111111108145,
    "total_stop_go_events": 855,
    "avg_traffic_rate": 0.02331193451268278,
    "avg_intersection_congestion": 1.2222222222222223,
    "max_intersection_congestion": 2,
    "spillback_penalty_total": 8366.0,
    "signal_switch_count": 616,
    "total_reward": 0.0
  }
}