{
  "generation": 6,
  "best_idx": 6,
  "best_fitness": 3.834981810156316,
  "all_fitness": [
    -1000000000.0,
    2.5512565448960465,
    2.458261544508212,
    3.2728344922012935,
    3.6531962072407236,
    2.2296445193040832,
    3.834981810156316,
    1.791510450313606,
    3.112541992254001,
    3.0254604840182413,
    3.164747160935941,
    2.1805493688080464,
    2.789613888008336,
    2.441930339906117,
    2.1451743872273106,
    -1000000000.0,
    3.6617387100726426,
    3.2852042356427886,
    3.2755169783897156,
    2.0711053279018308
  ],
  "best_individual_metrics": {
    "completed_orders": 38,
    "total_orders": 48,
    "completion_rate": 0.7916666666666666,
    "avg_order_processing_time": 315.1578947368421,
    "total_completion_time": 11976,
    "execution_time_seconds": 467.75202989578247,
    "avg_wait_time": 31.0,
    "max_wait_time": 31,
    "total_wait_time": 1798.0,
    "evaluation_ticks": 2942,
    "total_energy_consumed": 2285.646519044049,
    "energy_per_order": 60.14859260642234,
    "robot_utilization": 0.8482499999999998,
    "total_stop_go_events": 2412,
    "avg_traffic_rate": 0.02179719052460275,
    "avg_intersection_congestion": 1.2,
    "max_intersection_congestion": 2,
    "spillback_penalty_total": 11589.0,
    "signal_switch_count": 1825,
    "total_reward": 0.0
  }
}