{
  "generation": 15,
  "best_idx": 0,
  "best_fitness": 3.7919326164040363,
  "all_fitness": [
    3.7919326164040363,
    2.723541441936779,
    3.308318982734946,
    2.7910203319497424,
    2.3029338871837988,
    3.244978863257631,
    2.2961219548480662,
    2.2523471343861177,
    3.354941867546591,
    3.3760717155663564,
    3.768981647189597,
    2.012965721040724,
    3.339797168443578,
    2.3551891958663007,
    2.674590089867961,
    2.1110960819192655,
    3.0985500693667527,
    2.004921693259242,
    2.8619681211988137,
    3.2914368060627455
  ],
  "best_individual_metrics": {
    "completed_orders": 39,
    "total_orders": 48,
    "completion_rate": 0.8125,
    "avg_order_processing_time": 277.79487179487177,
    "total_completion_time": 10834,
    "execution_time_seconds": 462.0297374725342,
    "avg_wait_time": 31.0,
    "max_wait_time": 31,
    "total_wait_time": 1891.0,
    "evaluation_ticks": 3512,
    "total_energy_consumed": 2169.8577048808143,
    "energy_per_order": 55.63737704822601,
    "robot_utilization": 0.6269999999999992,
    "total_stop_go_events": 2298,
    "avg_traffic_rate": 0.02465612434995271,
    "avg_intersection_congestion": 1.0,
    "max_intersection_congestion": 1,
    "spillback_penalty_total": 12353.0,
    "signal_switch_count": 1690,
    "total_reward": 0.0
  }
}