{
  "generation": 19,
  "best_idx": 10,
  "best_fitness": 3.9542636416298333,
  "all_fitness": [
    2.747568462931177,
    2.7484810234378316,
    1.8258858679001158,
    1.348932403491551,
    2.2384928244707214,
    1.468070213875974,
    1.9657654514769631,
    2.800373490506156,
    1.1227161509522268,
    1.601761823821943,
    3.9542636416298333,
    1.6238813655722026,
    2.2666328547056147,
    2.0418772414744057,
    1.929228048442271,
    1.6919691798995051,
    2.4722990258099604,
    2.0508193724456123,
    1.7549033408517574,
    2.8025074011347613
  ],
  "best_individual_metrics": {
    "completed_orders": 19,
    "total_orders": 24,
    "completion_rate": 0.7916666666666666,
    "avg_order_processing_time": 303.63157894736844,
    "total_completion_time": 5769.0,
    "execution_time_seconds": 168.8050491809845,
    "avg_wait_time": 31.0,
    "max_wait_time": 31,
    "total_wait_time": 1178.0,
    "evaluation_ticks": 1612,
    "total_energy_consumed": 818.8022154103454,
    "energy_per_order": 43.09485344264976,
    "robot_utilization": 0.8111111111111015,
    "total_stop_go_events": 904,
    "avg_traffic_rate": 0.02639795892661805,
    "avg_intersection_congestion": 1.3636363636363635,
    "max_intersection_congestion": 2,
    "spillback_penalty_total": 6528.0,
    "signal_switch_count": 627,
    "total_reward": 0.0
  }
}