{
  "generation": 30,
  "best_idx": 10,
  "best_fitness": 1567549.5999999875,
  "all_fitness": [
    1127464.3499999912,
    1135345.4999999874,
    1283760.8749999874,
    1261198.4249999847,
    1265690.2249999892,
    1202426.449999992,
    1312431.6749999844,
    1124107.5499999933,
    1251832.2249999838,
    1269382.1749999863,
    1567549.5999999875,
    1461955.1999999892,
    1323774.9749999868,
    1045487.7999999871,
    903261.7999999936,
    1031920.99999999,
    1295682.7749999852,
    1328484.9749999826,
    1245542.3749999958,
    1186682.6999999888
  ],
  "best_individual_metrics": {
    "completed_orders": 45,
    "total_orders": 80,
    "completion_rate": 0.5625,
    "avg_order_processing_time": 671.3777777777777,
    "total_completion_time": 30212,
    "execution_time_seconds": 482.13919973373413,
    "avg_wait_time": 30.75438596491228,
    "max_wait_time": 31,
    "total_wait_time": 1753.0,
    "evaluation_ticks": 3444,
    "total_energy_consumed": 2026.1748030065644,
    "energy_per_order": 45.02610673347921,
    "robot_utilization": 0.9224166666666666,
    "total_stop_go_events": 2604,
    "avg_traffic_rate": 0.02620399216556507,
    "avg_intersection_congestion": 1.2222222222222223,
    "max_intersection_congestion": 2,
    "spillback_penalty_total": 0.0,
    "signal_switch_count": 1966,
    "total_reward": 1567549.5999999875
  }
}