{
  "generation": 21,
  "best_idx": 9,
  "best_fitness": 149242.47499999977,
  "all_fitness": [
    101059.57499999968,
    83996.12499999952,
    66830.49999999987,
    113687.17499999997,
    111201.35,
    81846.65000000002,
    103976.52499999985,
    96162.7749999998,
    101985.49999999953,
    149242.47499999977,
    139484.22499999995,
    138260.67500000013,
    138075.22499999995,
    98523.77500000002,
    92262.54999999962,
    120255.97499999969,
    127980.12499999977,
    116729.79999999978,
    126538.02499999986,
    143460.72499999977
  ],
  "best_individual_metrics": {
    "completed_orders": 14,
    "total_orders": 58,
    "completion_rate": 0.2413793103448276,
    "avg_order_processing_time": 223.28571428571428,
    "total_completion_time": 3126,
    "execution_time_seconds": 170.66364884376526,
    "avg_wait_time": 31.0,
    "max_wait_time": 31,
    "total_wait_time": 1147.0,
    "evaluation_ticks": 1005,
    "total_energy_consumed": 1401.1275699990476,
    "energy_per_order": 100.08054071421769,
    "robot_utilization": 0.8442222222222144,
    "total_stop_go_events": 1013,
    "avg_traffic_rate": 0.025136440386397254,
    "avg_intersection_congestion": 1.2,
    "max_intersection_congestion": 2,
    "spillback_penalty_total": 0.0,
    "signal_switch_count": 748,
    "total_reward": 149242.47499999977
  }
}