{
  "generation": 11,
  "best_idx": 13,
  "best_fitness": 4.150216621966663,
  "all_fitness": [
    3.046391986775109,
    2.6953396639244493,
    2.152695240187695,
    3.3315163404718957,
    -1000000000.0,
    3.465606236294135,
    3.022376459324655,
    2.649590138284707,
    2.128540122348492,
    2.3588462576444527,
    2.156149610387325,
    2.907680775231713,
    2.976170838659677,
    4.150216621966663,
    -1000000000.0,
    2.8428069575298895,
    3.013454028477878,
    2.2336146667944163,
    3.595655530630942,
    3.1864797814743153
  ],
  "best_individual_metrics": {
    "completed_orders": 39,
    "total_orders": 48,
    "completion_rate": 0.8125,
    "avg_order_processing_time": 262.46153846153845,
    "total_completion_time": 10236,
    "execution_time_seconds": 465.3456161022186,
    "avg_wait_time": 31.0,
    "max_wait_time": 31,
    "total_wait_time": 1798.0,
    "evaluation_ticks": 3751,
    "total_energy_consumed": 2051.9969204787176,
    "energy_per_order": 52.61530565330045,
    "robot_utilization": 0.6169999999999991,
    "total_stop_go_events": 2296,
    "avg_traffic_rate": 0.02160158262365041,
    "avg_intersection_congestion": 1.0,
    "max_intersection_congestion": 1,
    "spillback_penalty_total": 10589.0,
    "signal_switch_count": 1646,
    "total_reward": 0.0
  }
}