{
  "generation": 11,
  "best_idx": 17,
  "best_fitness": 124808.8249999999,
  "all_fitness": [
    98753.30000000003,
    97360.6499999996,
    106938.84999999967,
    121105.3499999997,
    117135.15000000001,
    112888.57499999982,
    111809.82499999984,
    120085.62499999968,
    76611.69999999982,
    122492.54999999964,
    104463.77499999978,
    102172.32499999968,
    -1000000000.0,
    100517.44999999978,
    99398.54999999968,
    57433.849999999904,
    111137.24999999983,
    124808.8249999999,
    96791.62499999983,
    77846.92499999992
  ],
  "best_individual_metrics": {
    "completed_orders": 13,
    "total_orders": 58,
    "completion_rate": 0.22413793103448276,
    "avg_order_processing_time": 328.2307692307692,
    "total_completion_time": 4267,
    "execution_time_seconds": 147.9554409980774,
    "avg_wait_time": 30.586206896551722,
    "max_wait_time": 31,
    "total_wait_time": 887.0,
    "evaluation_ticks": 996,
    "total_energy_consumed": 1662.5257976361358,
    "energy_per_order": 127.8865998181643,
    "robot_utilization": 0.8447777777777699,
    "total_stop_go_events": 936,
    "avg_traffic_rate": 0.02022309374270878,
    "avg_intersection_congestion": 1.3333333333333333,
    "max_intersection_congestion": 3,
    "spillback_penalty_total": 0.0,
    "signal_switch_count": 564,
    "total_reward": 124808.8249999999
  }
}