{
  "generation": 5,
  "best_idx": 7,
  "best_fitness": 3.565663719541364,
  "all_fitness": [
    3.3739810751807364,
    2.8109975604507347,
    3.1445257998757095,
    2.1493812906330367,
    2.5378806168974113,
    -1000000000.0,
    3.03059516148393,
    3.565663719541364,
    3.507675177118944,
    2.9072647078819225,
    1.9812735624651654,
    1.978932399015918,
    2.3046638810520688,
    2.790816388339661,
    3.0428233632764274,
    2.021868736011469,
    2.3386327201920785,
    2.9811060174117245,
    1.927345945567658,
    2.1961054273420944
  ],
  "best_individual_metrics": {
    "completed_orders": 37,
    "total_orders": 47,
    "completion_rate": 0.7872340425531915,
    "avg_order_processing_time": 328.64864864864865,
    "total_completion_time": 12160,
    "execution_time_seconds": 463.4299681186676,
    "avg_wait_time": 31.0,
    "max_wait_time": 31,
    "total_wait_time": 1922.0,
    "evaluation_ticks": 3260,
    "total_energy_consumed": 2194.994281125481,
    "energy_per_order": 59.32416976014813,
    "robot_utilization": 0.8809583333333331,
    "total_stop_go_events": 2415,
    "avg_traffic_rate": 0.022614008140243197,
    "avg_intersection_congestion": 1.2222222222222223,
    "max_intersection_congestion": 2,
    "spillback_penalty_total": 12534.0,
    "signal_switch_count": 1769,
    "total_reward": 0.0
  }
}