{
  "generation": 2,
  "best_idx": 17,
  "best_fitness": 1427874.8749999846,
  "all_fitness": [
    1127848.9749999952,
    887906.2749999929,
    821600.5749999958,
    1118665.7499999984,
    1321051.3749999828,
    908096.6749999939,
    1271074.44999999,
    711634.0999999996,
    -1000000000.0,
    1368794.5999999922,
    1231027.0999999885,
    917878.0499999918,
    854386.7749999935,
    1378850.8749999884,
    1089079.7999999928,
    911610.0749999912,
    954794.9499999917,
    1427874.8749999846,
    -1000000000.0,
    1302173.5499999886
  ],
  "best_individual_metrics": {
    "completed_orders": 44,
    "total_orders": 80,
    "completion_rate": 0.55,
    "avg_order_processing_time": 633.0454545454545,
    "total_completion_time": 27854,
    "execution_time_seconds": 493.1133291721344,
    "avg_wait_time": 30.74074074074074,
    "max_wait_time": 31,
    "total_wait_time": 1660.0,
    "evaluation_ticks": 3462,
    "total_energy_consumed": 2023.5832643838244,
    "energy_per_order": 45.99052873599601,
    "robot_utilization": 0.9304166666666666,
    "total_stop_go_events": 2535,
    "avg_traffic_rate": 0.023103069548719688,
    "avg_intersection_congestion": 1.3636363636363635,
    "max_intersection_congestion": 3,
    "spillback_penalty_total": 0.0,
    "signal_switch_count": 1855,
    "total_reward": 1427874.8749999846
  }
}