{
  "generation": 16,
  "best_idx": 13,
  "best_fitness": 1301447.0999999843,
  "all_fitness": [
    1210022.5499999814,
    1097403.3999999985,
    1121752.2499999912,
    1089168.8499999885,
    1036625.5749999909,
    1041116.9499999925,
    874168.3999999957,
    1057118.349999994,
    1118229.5749999862,
    1158222.9249999942,
    1274609.5749999874,
    1247933.5999999922,
    1227824.9999999888,
    1301447.0999999843,
    1114176.074999991,
    1171619.2749999845,
    1255812.399999986,
    911915.3749999952,
    1234965.7749999901,
    1112171.4749999924
  ],
  "best_individual_metrics": {
    "completed_orders": 43,
    "total_orders": 80,
    "completion_rate": 0.5375,
    "avg_order_processing_time": 674.8139534883721,
    "total_completion_time": 29017,
    "execution_time_seconds": 515.4604933261871,
    "avg_wait_time": 31.0,
    "max_wait_time": 31,
    "total_wait_time": 2170.0,
    "evaluation_ticks": 3515,
    "total_energy_consumed": 2231.9881919750683,
    "energy_per_order": 51.906702138955076,
    "robot_utilization": 0.9098749999999995,
    "total_stop_go_events": 2447,
    "avg_traffic_rate": 0.027977527795725276,
    "avg_intersection_congestion": 1.0,
    "max_intersection_congestion": 1,
    "spillback_penalty_total": 0.0,
    "signal_switch_count": 1885,
    "total_reward": 1301447.0999999843
  }
}