{
  "generation": 7,
  "best_idx": 19,
  "best_fitness": 4.525813084810778,
  "all_fitness": [
    3.787390267673657,
    3.6776187630253654,
    3.147539065292382,
    3.4970888079885674,
    3.1473234853752072,
    3.450631454547396,
    3.2115457141624577,
    4.1179438498195875,
    3.3298065828180063,
    3.9369482847523005,
    3.7637365075209708,
    3.3010411367453742,
    3.302468092994523,
    3.4584965380425805,
    3.645356317557895,
    2.957426638815988,
    4.135222055061932,
    2.974805774996581,
    2.7966054401060463,
    4.525813084810778
  ],
  "best_individual_metrics": {
    "completed_orders": 46,
    "total_orders": 80,
    "completion_rate": 0.575,
    "avg_order_processing_time": 714.5217391304348,
    "total_completion_time": 32868,
    "execution_time_seconds": 481.1219902038574,
    "avg_wait_time": 30.603174603174605,
    "max_wait_time": 31,
    "total_wait_time": 1928.0,
    "evaluation_ticks": 3446,
    "total_energy_consumed": 1908.390491878514,
    "energy_per_order": 41.486749823445955,
    "robot_utilization": 0.9435833333333331,
    "total_stop_go_events": 2443,
    "avg_traffic_rate": 0.0237869189656264,
    "avg_intersection_congestion": 1.1538461538461537,
    "max_intersection_congestion": 2,
    "spillback_penalty_total": 12137.0,
    "signal_switch_count": 2026,
    "total_reward": 0.0
  }
}