{
  "generation": 18,
  "best_idx": 5,
  "best_fitness": 3.0763890701207925,
  "all_fitness": [
    1.9914443654938498,
    2.406929617720803,
    1.929006005128143,
    1.490985748686415,
    1.7319209603639827,
    3.0763890701207925,
    2.157187840665628,
    1.7108187332510825,
    1.5132846297277942,
    2.1401673894304247,
    2.1685290081946422,
    1.9997890146000958,
    -1000000000.0,
    -1000000000.0,
    2.0204716652583405,
    1.8384157733468802,
    1.7008087013888495,
    1.9337810877418342,
    1.9607370548538614,
    1.2012752702185823
  ],
  "best_individual_metrics": {
    "completed_orders": 19,
    "total_orders": 25,
    "completion_rate": 0.76,
    "avg_order_processing_time": 272.6842105263158,
    "total_completion_time": 5181.0,
    "execution_time_seconds": 172.28464317321777,
    "avg_wait_time": 30.305555555555557,
    "max_wait_time": 31,
    "total_wait_time": 1091.0,
    "evaluation_ticks": 1004,
    "total_energy_consumed": 1211.4373185380484,
    "energy_per_order": 63.7598588704236,
    "robot_utilization": 0.621222222222203,
    "total_stop_go_events": 913,
    "avg_traffic_rate": 0.024230333028764695,
    "avg_intersection_congestion": 1.4,
    "max_intersection_congestion": 3,
    "spillback_penalty_total": 9231.0,
    "signal_switch_count": 641,
    "total_reward": 0.0
  }
}