{
  "generation": 3,
  "best_idx": 15,
  "best_fitness": 1447643.8999999792,
  "all_fitness": [
    1004943.7749999954,
    1002110.3499999967,
    1185932.0749999944,
    1317304.5499999854,
    1142397.7749999927,
    945758.2249999952,
    1081755.4999999916,
    864976.9249999935,
    -1000000000.0,
    762385.8249999951,
    1175960.3249999888,
    984397.9249999878,
    941108.574999991,
    713072.5250000006,
    745871.4999999992,
    1447643.8999999792,
    1088037.2999999903,
    1085316.174999987,
    1273577.724999984,
    953201.6749999959
  ],
  "best_individual_metrics": {
    "completed_orders": 43,
    "total_orders": 80,
    "completion_rate": 0.5375,
    "avg_order_processing_time": 712.6279069767442,
    "total_completion_time": 30643,
    "execution_time_seconds": 518.1260735988617,
    "avg_wait_time": 30.78181818181818,
    "max_wait_time": 31,
    "total_wait_time": 1693.0,
    "evaluation_ticks": 3420,
    "total_energy_consumed": 2395.8827678810653,
    "energy_per_order": 55.718203904210824,
    "robot_utilization": 0.9389583333333331,
    "total_stop_go_events": 2469,
    "avg_traffic_rate": 0.023247253699079217,
    "avg_intersection_congestion": 1.6363636363636365,
    "max_intersection_congestion": 3,
    "spillback_penalty_total": 0.0,
    "signal_switch_count": 1832,
    "total_reward": 1447643.8999999792
  }
}