{
  "generation": 19,
  "best_idx": 8,
  "best_fitness": 5.1161343430962525,
  "all_fitness": [
    4.590418858207011,
    3.2878639203377342,
    3.81695553701192,
    4.285670457950107,
    3.0372384550220137,
    3.3469615846785175,
    3.897584296336738,
    4.244340079184939,
    5.1161343430962525,
    3.4745894893245066,
    3.9430786497361376,
    4.262388027620923,
    2.8380422217819268,
    3.3955249326342094,
    3.3152260767574475,
    4.623851983273291,
    3.0839511680086678,
    3.4235225745840663,
    3.9669225978505063,
    2.763487565949369
  ],
  "best_individual_metrics": {
    "completed_orders": 44,
    "total_orders": 80,
    "completion_rate": 0.55,
    "avg_order_processing_time": 696.3409090909091,
    "total_completion_time": 30639,
    "execution_time_seconds": 493.2491183280945,
    "avg_wait_time": 30.347826086956523,
    "max_wait_time": 31,
    "total_wait_time": 2094.0,
    "evaluation_ticks": 3833,
    "total_energy_consumed": 1574.86548518112,
    "energy_per_order": 35.79239739048,
    "robot_utilization": 0.9182916666666664,
    "total_stop_go_events": 2375,
    "avg_traffic_rate": 0.023518573785296745,
    "avg_intersection_congestion": 1.2727272727272727,
    "max_intersection_congestion": 2,
    "spillback_penalty_total": 9043.0,
    "signal_switch_count": 1926,
    "total_reward": 0.0
  }
}