{
  "generation": 3,
  "best_idx": 9,
  "best_fitness": 2.100067589209851,
  "all_fitness": [
    1.8124199250670987,
    1.9028763103547637,
    1.705737808241944,
    1.7455623971629024,
    1.6200430508090826,
    1.7324330061071382,
    1.1291215875324185,
    1.451882755307529,
    1.7194403555409778,
    2.100067589209851,
    1.6808812821581292,
    -1000000000.0,
    -1000000000.0,
    -1000000000.0,
    -1000000000.0,
    1.6335789952296804,
    1.7128170650731769,
    1.4518423250566777,
    1.533664843262754,
    1.4492942904902177
  ],
  "best_individual_metrics": {
    "completed_orders": 18,
    "total_orders": 58,
    "completion_rate": 0.3103448275862069,
    "avg_order_processing_time": 295.6111111111111,
    "total_completion_time": 5321,
    "execution_time_seconds": 174.20911169052124,
    "avg_wait_time": 30.772727272727273,
    "max_wait_time": 31,
    "total_wait_time": 1354.0,
    "evaluation_ticks": 818,
    "total_energy_consumed": 1653.0540196294291,
    "energy_per_order": 91.83633442385718,
    "robot_utilization": 0.8054444444444346,
    "total_stop_go_events": 1127,
    "avg_traffic_rate": 0.03647762589273479,
    "avg_intersection_congestion": 1.3,
    "max_intersection_congestion": 2,
    "spillback_penalty_total": 13977.0,
    "signal_switch_count": 731,
    "total_reward": 0.0
  }
}