{
  "generation": 5,
  "best_idx": 3,
  "best_fitness": 2.944957175900009,
  "all_fitness": [
    2.3139221474366427,
    1.9405674916032585,
    2.0818071439923895,
    2.944957175900009,
    1.6237190229299474,
    1.6911547841367434,
    2.0563394586955854,
    1.6691644185342152,
    1.7371510657657119,
    1.9407104457906243,
    1.8504263168330224,
    1.6670189447158275,
    1.672413758083494,
    1.6695899702436012,
    2.7042345542621598,
    2.1545112332937344,
    1.5907018961638737,
    1.3086237586703353,
    2.3620593721600756,
    1.9098544354784943
  ],
  "best_individual_metrics": {
    "completed_orders": 19,
    "total_orders": 24,
    "completion_rate": 0.7916666666666666,
    "avg_order_processing_time": 271.0,
    "total_completion_time": 5149.0,
    "execution_time_seconds": 160.60623478889465,
    "avg_wait_time": 31.0,
    "max_wait_time": 31,
    "total_wait_time": 1147.0,
    "evaluation_ticks": 1107,
    "total_energy_consumed": 1144.1342873253707,
    "energy_per_order": 60.21759406975635,
    "robot_utilization": 0.5888888888888684,
    "total_stop_go_events": 904,
    "avg_traffic_rate": 0.023219908323442662,
    "avg_intersection_congestion": 1.2857142857142858,
    "max_intersection_congestion": 2,
    "spillback_penalty_total": 9789.0,
    "signal_switch_count": 618,
    "total_reward": 0.0
  }
}