{
  "generation": 6,
  "best_idx": 0,
  "best_fitness": 137583.97499999977,
  "all_fitness": [
    137583.97499999977,
    116726.2999999999,
    119866.65000000001,
    81212.77499999994,
    98940.09999999989,
    94734.39999999994,
    114999.14999999953,
    136229.60000000024,
    125885.2499999998,
    120662.42499999961,
    120475.84999999969,
    106357.17500000009,
    127736.84999999979,
    -1000000000.0,
    -1000000000.0,
    93549.74999999972,
    105163.64999999969,
    96282.27499999967,
    -1000000000.0,
    -1000000000.0
  ],
  "best_individual_metrics": {
    "completed_orders": 15,
    "total_orders": 58,
    "completion_rate": 0.25862068965517243,
    "avg_order_processing_time": 204.93333333333334,
    "total_completion_time": 3074,
    "execution_time_seconds": 183.02016401290894,
    "avg_wait_time": 31.0,
    "max_wait_time": 31,
    "total_wait_time": 992.0,
    "evaluation_ticks": 1024,
    "total_energy_consumed": 1858.3769326056004,
    "energy_per_order": 123.89179550704003,
    "robot_utilization": 0.8557777777777706,
    "total_stop_go_events": 1023,
    "avg_traffic_rate": 0.025102932421356697,
    "avg_intersection_congestion": 1.0,
    "max_intersection_congestion": 1,
    "spillback_penalty_total": 0.0,
    "signal_switch_count": 795,
    "total_reward": 137583.97499999977
  }
}