{
  "generation": 1,
  "best_idx": 0,
  "best_fitness": 221.04999999999998,
  "all_fitness": [
    221.04999999999998
  ]
}