{
  "generation": 9,
  "best_idx": 12,
  "best_fitness": 1518545.974999981,
  "all_fitness": [
    1185191.6999999916,
    -1000000000.0,
    1209105.1999999885,
    1059940.37499999,
    1164586.1749999938,
    1143645.7749999913,
    1459001.624999988,
    1153500.999999992,
    1183534.5249999897,
    1281400.224999987,
    -1000000000.0,
    1169601.2749999876,
    1518545.974999981,
    1080522.1249999888,
    1013699.1249999921,
    1003507.5999999878,
    1129316.3499999938,
    1332426.7499999837,
    1026864.8999999905,
    1293488.8999999817
  ],
  "best_individual_metrics": {
    "completed_orders": 45,
    "total_orders": 80,
    "completion_rate": 0.5625,
    "avg_order_processing_time": 582.8,
    "total_completion_time": 26226,
    "execution_time_seconds": 346.898921251297,
    "avg_wait_time": 31.0,
    "max_wait_time": 31,
    "total_wait_time": 1581.0,
    "evaluation_ticks": 3548,
    "total_energy_consumed": 2063.8513958410203,
    "energy_per_order": 45.86336435202267,
    "robot_utilization": 0.9441666666666665,
    "total_stop_go_events": 2482,
    "avg_traffic_rate": 0.022770320319297394,
    "avg_intersection_congestion": 1.1,
    "max_intersection_congestion": 2,
    "spillback_penalty_total": 0.0,
    "signal_switch_count": 1862,
    "total_reward": 1518545.974999981
  }
}