{
  "generation": 29,
  "best_idx": 5,
  "best_fitness": 2.9899443220516275,
  "all_fitness": [
    1.9689469583362698,
    1.728583248902322,
    2.2343597391880947,
    1.2389074028462872,
    1.8389382010644397,
    2.9899443220516275,
    1.6478858499427214,
    1.4226606689626753,
    1.7925216961399733,
    2.480470940772427,
    1.9283525634673604,
    1.898118415719149,
    1.6979404792825306,
    1.9757142667755363,
    1.7865532275414313,
    2.3011848623554356,
    1.830955848061704,
    1.7555702985659647,
    1.6393942104088919,
    2.123931241953754
  ],
  "best_individual_metrics": {
    "completed_orders": 16,
    "total_orders": 58,
    "completion_rate": 0.27586206896551724,
    "avg_order_processing_time": 242.875,
    "total_completion_time": 3886,
    "execution_time_seconds": 197.45596599578857,
    "avg_wait_time": 29.794117647058822,
    "max_wait_time": 31,
    "total_wait_time": 1013.0,
    "evaluation_ticks": 1163,
    "total_energy_consumed": 765.4042327548315,
    "energy_per_order": 47.83776454717697,
    "robot_utilization": 0.7717777777777661,
    "total_stop_go_events": 898,
    "avg_traffic_rate": 0.026776816885554756,
    "avg_intersection_congestion": 1.0909090909090908,
    "max_intersection_congestion": 2,
    "spillback_penalty_total": 7626.0,
    "signal_switch_count": 664,
    "total_reward": 0.0
  }
}