{
  "generation": 20,
  "best_idx": 18,
  "best_fitness": 192366.20000000086,
  "all_fitness": [
    113832.94999999991,
    146943.65000000014,
    106710.8249999999,
    157744.40000000017,
    156295.82499999992,
    141190.7749999997,
    90486.24999999965,
    118325.7749999997,
    157949.6250000003,
    108868.22499999976,
    122023.92499999929,
    122660.92499999993,
    109435.97499999998,
    153872.0499999999,
    136427.925,
    98824.02500000004,
    80962.79999999983,
    96200.42499999977,
    192366.20000000086,
    111394.52499999964
  ],
  "best_individual_metrics": {
    "completed_orders": 16,
    "total_orders": 58,
    "completion_rate": 0.27586206896551724,
    "avg_order_processing_time": 250.1875,
    "total_completion_time": 4003,
    "execution_time_seconds": 176.59833121299744,
    "avg_wait_time": 31.0,
    "max_wait_time": 31,
    "total_wait_time": 1116.0,
    "evaluation_ticks": 1310,
    "total_energy_consumed": 803.8385099312923,
    "energy_per_order": 50.23990687070577,
    "robot_utilization": 0.7755555555555442,
    "total_stop_go_events": 898,
    "avg_traffic_rate": 0.024650473345764416,
    "avg_intersection_congestion": 1.4,
    "max_intersection_congestion": 4,
    "spillback_penalty_total": 0.0,
    "signal_switch_count": 602,
    "total_reward": 192366.20000000086
  }
}