{
  "generation": 1,
  "best_idx": 1,
  "best_fitness": 185.44348871695627,
  "all_fitness": [
    -2.0,
    185.44348871695627
  ]
}