{
  "generation": 25,
  "best_idx": 10,
  "best_fitness": 4.5874883511062245,
  "all_fitness": [
    2.399612591483387,
    1.300735321379117,
    2.414181739309737,
    2.322609363321384,
    1.529912093686087,
    2.6833640825524667,
    2.362869128704534,
    -1000000000.0,
    -1000000000.0,
    1.497726049433901,
    4.5874883511062245,
    -1000000000.0,
    3.7984961957190073,
    1.647806324890167,
    2.4823752249042816,
    1.925160974063618,
    1.7652396397683836,
    2.3544325475524,
    2.480692902104513,
    1.9922454877120293
  ],
  "best_individual_metrics": {
    "completed_orders": 20,
    "total_orders": 25,
    "completion_rate": 0.8,
    "avg_order_processing_time": 283.1,
    "total_completion_time": 5662.0,
    "execution_time_seconds": 170.99259424209595,
    "avg_wait_time": 30.441860465116278,
    "max_wait_time": 31,
    "total_wait_time": 1309.0,
    "evaluation_ticks": 1397,
    "total_energy_consumed": 863.681798624142,
    "energy_per_order": 43.1840899312071,
    "robot_utilization": 0.6923333333333179,
    "total_stop_go_events": 907,
    "avg_traffic_rate": 0.0235265159645543,
    "avg_intersection_congestion": 1.3,
    "max_intersection_congestion": 2,
    "spillback_penalty_total": 5633.0,
    "signal_switch_count": 613,
    "total_reward": 0.0
  }
}