{
  "generation": 8,
  "best_idx": 3,
  "best_fitness": 156593.64999999994,
  "all_fitness": [
    98423.64999999975,
    99721.57499999969,
    143236.50000000017,
    156593.64999999994,
    101349.87499999994,
    122882.44999999969,
    -1000000000.0,
    84089.34999999974,
    123295.05000000018,
    78806.24999999994,
    58290.299999999865,
    127585.52499999994,
    147552.77500000029,
    125420.24999999962,
    -1000000000.0,
    99825.92500000008,
    86163.95000000008,
    94353.52499999988,
    105474.9249999999,
    87950.4499999999
  ],
  "best_individual_metrics": {
    "completed_orders": 16,
    "total_orders": 58,
    "completion_rate": 0.27586206896551724,
    "avg_order_processing_time": 300.125,
    "total_completion_time": 4802,
    "execution_time_seconds": 165.2182686328888,
    "avg_wait_time": 31.0,
    "max_wait_time": 31,
    "total_wait_time": 961.0,
    "evaluation_ticks": 960,
    "total_energy_consumed": 1984.4968228484126,
    "energy_per_order": 124.03105142802579,
    "robot_utilization": 0.7959999999999898,
    "total_stop_go_events": 971,
    "avg_traffic_rate": 0.02470633159479474,
    "avg_intersection_congestion": 1.0,
    "max_intersection_congestion": 1,
    "spillback_penalty_total": 0.0,
    "signal_switch_count": 659,
    "total_reward": 156593.64999999994
  }
}