{
  "generation": 9,
  "best_idx": 5,
  "best_fitness": 2.947898840418684,
  "all_fitness": [
    1.6617103863640055,
    1.7148657198933983,
    1.7829528935817127,
    1.161575911903497,
    1.611682774290764,
    2.947898840418684,
    1.9534091141000245,
    1.6042689095548381,
    1.7412528625795263,
    1.4329877936350157,
    1.845948089223483,
    2.003169665064086,
    1.8957556523922392,
    2.2646692446175063,
    2.7784457769984985,
    2.7079753863843963,
    2.0888935189738786,
    1.6507509468239896,
    2.076387141744839,
    1.5551051693562261
  ],
  "best_individual_metrics": {
    "completed_orders": 20,
    "total_orders": 25,
    "completion_rate": 0.8,
    "avg_order_processing_time": 292.1,
    "total_completion_time": 5842.0,
    "execution_time_seconds": 168.3120195865631,
    "avg_wait_time": 31.0,
    "max_wait_time": 31,
    "total_wait_time": 1178.0,
    "evaluation_ticks": 1123,
    "total_energy_consumed": 1029.8663620352859,
    "energy_per_order": 51.493318101764295,
    "robot_utilization": 0.7484444444444318,
    "total_stop_go_events": 908,
    "avg_traffic_rate": 0.023524522289115914,
    "avg_intersection_congestion": 1.2222222222222223,
    "max_intersection_congestion": 2,
    "spillback_penalty_total": 10466.0,
    "signal_switch_count": 592,
    "total_reward": 0.0
  }
}