{
  "generation": 21,
  "best_idx": 9,
  "best_fitness": 1438157.6749999875,
  "all_fitness": [
    1393012.1249999865,
    1144332.7499999923,
    1095171.1249999923,
    1047712.9499999947,
    1235455.6499999925,
    1092335.7499999932,
    943535.5249999926,
    -1000000000.0,
    1163597.3499999878,
    1438157.6749999875,
    1308601.9749999836,
    1158513.6749999877,
    -1000000000.0,
    1274226.949999988,
    1345728.92499999,
    1406249.574999988,
    1174802.2499999858,
    1075526.4499999923,
    1228327.5749999878,
    -1000000000.0
  ],
  "best_individual_metrics": {
    "completed_orders": 44,
    "total_orders": 80,
    "completion_rate": 0.55,
    "avg_order_processing_time": 631.3181818181819,
    "total_completion_time": 27778,
    "execution_time_seconds": 310.36327934265137,
    "avg_wait_time": 31.0,
    "max_wait_time": 31,
    "total_wait_time": 1798.0,
    "evaluation_ticks": 3541,
    "total_energy_consumed": 1605.622771406022,
    "energy_per_order": 36.49142662286413,
    "robot_utilization": 0.9277499999999999,
    "total_stop_go_events": 2408,
    "avg_traffic_rate": 0.024604288857537363,
    "avg_intersection_congestion": 1.625,
    "max_intersection_congestion": 3,
    "spillback_penalty_total": 0.0,
    "signal_switch_count": 1910,
    "total_reward": 1438157.6749999875
  }
}