{
  "generation": 17,
  "best_idx": 5,
  "best_fitness": 158899.5999999998,
  "all_fitness": [
    -1000000000.0,
    72725.27499999983,
    95590.97499999987,
    121394.29999999983,
    139832.92500000002,
    158899.5999999998,
    92995.27499999975,
    116456.27499999992,
    106602.2749999999,
    98604.14999999969,
    147733.19999999992,
    108263.39999999969,
    119176.20000000006,
    99715.87499999985,
    128088.87499999977,
    123423.3499999998,
    138292.7249999999,
    -1000000000.0,
    107138.84999999989,
    115392.54999999965
  ],
  "best_individual_metrics": {
    "completed_orders": 13,
    "total_orders": 58,
    "completion_rate": 0.22413793103448276,
    "avg_order_processing_time": 242.69230769230768,
    "total_completion_time": 3155,
    "execution_time_seconds": 169.18923211097717,
    "avg_wait_time": 31.0,
    "max_wait_time": 31,
    "total_wait_time": 1116.0,
    "evaluation_ticks": 1135,
    "total_energy_consumed": 1439.5365444739002,
    "energy_per_order": 110.73358034414618,
    "robot_utilization": 0.8719999999999937,
    "total_stop_go_events": 1038,
    "avg_traffic_rate": 0.029698947948558256,
    "avg_intersection_congestion": 1.1666666666666667,
    "max_intersection_congestion": 2,
    "spillback_penalty_total": 0.0,
    "signal_switch_count": 770,
    "total_reward": 158899.5999999998
  }
}