{
  "generation": 4,
  "best_idx": 14,
  "best_fitness": 2.7158506034749093,
  "all_fitness": [
    1.5170447925410058,
    1.6450284429502338,
    1.406258472288241,
    1.4082069477472183,
    1.7152003006505447,
    2.0116267387064615,
    1.5501823353097413,
    1.6018835434186982,
    1.5351951084995927,
    1.4504742542987386,
    0.9943079744663844,
    1.2177917395852418,
    0.9656264688982242,
    1.8266665627703578,
    2.7158506034749093,
    2.272655749069467,
    1.4817386789806697,
    1.8675080274483489,
    1.5348146215672918,
    1.599941677028215
  ],
  "best_individual_metrics": {
    "completed_orders": 18,
    "total_orders": 58,
    "completion_rate": 0.3103448275862069,
    "avg_order_processing_time": 302.27777777777777,
    "total_completion_time": 5441,
    "execution_time_seconds": 146.57130980491638,
    "avg_wait_time": 30.703703703703702,
    "max_wait_time": 31,
    "total_wait_time": 829.0,
    "evaluation_ticks": 960,
    "total_energy_consumed": 1455.1557467107086,
    "energy_per_order": 80.84198592837271,
    "robot_utilization": 0.7871111111111002,
    "total_stop_go_events": 906,
    "avg_traffic_rate": 0.02292392074416722,
    "avg_intersection_congestion": 1.1,
    "max_intersection_congestion": 2,
    "spillback_penalty_total": 10110.0,
    "signal_switch_count": 668,
    "total_reward": 0.0
  }
}