{
  "generation": 25,
  "best_idx": 1,
  "best_fitness": 1529003.4499999844,
  "all_fitness": [
    1331079.0749999918,
    1529003.4499999844,
    1362262.5499999954,
    984886.6749999952,
    1039911.0249999916,
    1159928.3999999855,
    1386819.7749999827,
    1230066.7749999887,
    1123686.4499999916,
    1314394.8499999908,
    1403974.0999999882,
    912468.1749999921,
    1212243.9249999872,
    1267505.174999992,
    -1000000000.0,
    1125207.674999986,
    979789.4749999917,
    1115251.2499999877,
    1436243.9749999894,
    1251144.5499999872
  ],
  "best_individual_metrics": {
    "completed_orders": 45,
    "total_orders": 80,
    "completion_rate": 0.5625,
    "avg_order_processing_time": 569.4888888888889,
    "total_completion_time": 25627,
    "execution_time_seconds": 478.3686444759369,
    "avg_wait_time": 31.0,
    "max_wait_time": 31,
    "total_wait_time": 1891.0,
    "evaluation_ticks": 3695,
    "total_energy_consumed": 2047.9184519093349,
    "energy_per_order": 45.509298931318554,
    "robot_utilization": 0.9329583333333332,
    "total_stop_go_events": 2549,
    "avg_traffic_rate": 0.02465364277673002,
    "avg_intersection_congestion": 1.0909090909090908,
    "max_intersection_congestion": 2,
    "spillback_penalty_total": 0.0,
    "signal_switch_count": 1778,
    "total_reward": 1529003.4499999844
  }
}