{
  "generation": 12,
  "best_idx": 17,
  "best_fitness": 1602221.6749999784,
  "all_fitness": [
    1245577.1999999895,
    1020290.2249999924,
    1069217.6999999834,
    1311814.4749999922,
    1220569.1499999862,
    972198.3499999959,
    1199382.9749999905,
    1316514.5999999926,
    1177228.5249999873,
    937806.0999999936,
    1083179.624999986,
    1500218.2249999922,
    1184076.074999997,
    1565493.2999999893,
    1145640.3249999948,
    1124064.724999992,
    1068073.374999987,
    1602221.6749999784,
    1265734.7749999883,
    1166664.0249999918
  ],
  "best_individual_metrics": {
    "completed_orders": 45,
    "total_orders": 80,
    "completion_rate": 0.5625,
    "avg_order_processing_time": 686.5111111111111,
    "total_completion_time": 30893,
    "execution_time_seconds": 488.1761646270752,
    "avg_wait_time": 30.98076923076923,
    "max_wait_time": 31,
    "total_wait_time": 1611.0,
    "evaluation_ticks": 3625,
    "total_energy_consumed": 1959.6136633717495,
    "energy_per_order": 43.54697029714999,
    "robot_utilization": 0.9352916666666667,
    "total_stop_go_events": 2583,
    "avg_traffic_rate": 0.025221164225313723,
    "avg_intersection_congestion": 1.1538461538461537,
    "max_intersection_congestion": 2,
    "spillback_penalty_total": 0.0,
    "signal_switch_count": 1952,
    "total_reward": 1602221.6749999784
  }
}