{
  "generation": 20,
  "best_idx": 6,
  "best_fitness": 4.0435640736868415,
  "all_fitness": [
    2.86966452751422,
    3.129085271134953,
    2.706772648051629,
    2.6169748990866704,
    3.619258053003697,
    2.3779430032666458,
    4.0435640736868415,
    2.7115907144315203,
    3.2899618924248144,
    3.532122723196126,
    2.70745474845569,
    2.9706114468157527,
    2.4970364426177265,
    3.870503446642725,
    3.64660339348616,
    2.7747934848801292,
    2.553235145507356,
    3.5144865434670467,
    2.6862895610505917,
    3.36513556693876
  ],
  "best_individual_metrics": {
    "completed_orders": 38,
    "total_orders": 48,
    "completion_rate": 0.7916666666666666,
    "avg_order_processing_time": 326.07894736842104,
    "total_completion_time": 12391,
    "execution_time_seconds": 476.6475672721863,
    "avg_wait_time": 31.0,
    "max_wait_time": 31,
    "total_wait_time": 1674.0,
    "evaluation_ticks": 3515,
    "total_energy_consumed": 1673.0003101176876,
    "energy_per_order": 44.02632395046546,
    "robot_utilization": 0.9182916666666665,
    "total_stop_go_events": 2425,
    "avg_traffic_rate": 0.022774762498238756,
    "avg_intersection_congestion": 1.0833333333333333,
    "max_intersection_congestion": 2,
    "spillback_penalty_total": 10628.0,
    "signal_switch_count": 1829,
    "total_reward": 0.0
  }
}