{
  "generation": 22,
  "best_idx": 1,
  "best_fitness": 164759.625,
  "all_fitness": [
    105075.12499999981,
    164759.625,
    126445.34999999974,
    127227.12500000015,
    76743.07500000001,
    115059.7999999994,
    117398.94999999959,
    104302.62499999977,
    124638.80000000005,
    99841.02499999978,
    141358.84999999966,
    95138.89999999983,
    101351.87499999965,
    120990.37499999955,
    110830.69999999984,
    131599.69999999984,
    134923.89999999985,
    147135.2750000001,
    100730.19999999965,
    128988.84999999987
  ],
  "best_individual_metrics": {
    "completed_orders": 15,
    "total_orders": 58,
    "completion_rate": 0.25862068965517243,
    "avg_order_processing_time": 244.93333333333334,
    "total_completion_time": 3674,
    "execution_time_seconds": 165.50144982337952,
    "avg_wait_time": 30.736842105263158,
    "max_wait_time": 31,
    "total_wait_time": 1168.0,
    "evaluation_ticks": 1065,
    "total_energy_consumed": 1346.4994740591244,
    "energy_per_order": 89.76663160394163,
    "robot_utilization": 0.803888888888879,
    "total_stop_go_events": 963,
    "avg_traffic_rate": 0.024882011278508285,
    "avg_intersection_congestion": 1.1,
    "max_intersection_congestion": 2,
    "spillback_penalty_total": 0.0,
    "signal_switch_count": 659,
    "total_reward": 164759.625
  }
}