{
  "generation": 22,
  "best_idx": 6,
  "best_fitness": 2.9425093972106553,
  "all_fitness": [
    2.048303169961797,
    1.2891458484220386,
    2.6391586907186273,
    2.1539683321160568,
    1.881684594562416,
    1.6177071325992691,
    2.9425093972106553,
    1.6038934346373626,
    1.5889691853869425,
    2.5307045447210315,
    1.899361313119444,
    2.2508094097243836,
    1.7603602836083994,
    2.3717592134034864,
    2.618333510854661,
    1.376767397332759,
    1.7527941928631188,
    1.438431381257139,
    2.138935497784714,
    1.6621572309111599
  ],
  "best_individual_metrics": {
    "completed_orders": 17,
    "total_orders": 26,
    "completion_rate": 0.6538461538461539,
    "avg_order_processing_time": 197.8235294117647,
    "total_completion_time": 3363.0,
    "execution_time_seconds": 168.98751735687256,
    "avg_wait_time": 29.217391304347824,
    "max_wait_time": 31,
    "total_wait_time": 672.0,
    "evaluation_ticks": 1208,
    "total_energy_consumed": 1197.6342838705082,
    "energy_per_order": 70.4490755217946,
    "robot_utilization": 0.8144444444444353,
    "total_stop_go_events": 872,
    "avg_traffic_rate": 0.023293782231884164,
    "avg_intersection_congestion": 1.2,
    "max_intersection_congestion": 2,
    "spillback_penalty_total": 8435.0,
    "signal_switch_count": 642,
    "total_reward": 0.0
  }
}