{
  "generation": 26,
  "best_idx": 4,
  "best_fitness": 3.409513667431439,
  "all_fitness": [
    2.200730866991901,
    1.988927128556967,
    1.8359189182354567,
    3.14399126961984,
    3.409513667431439,
    1.4623568386885373,
    2.189531373907878,
    3.1730045609790785,
    2.3599714689054814,
    1.935587093362202,
    1.741593405999494,
    1.4934791496628195,
    -1000000000.0,
    2.130196794120336,
    1.559308667666783,
    2.9675307475320976,
    1.484978597434834,
    2.248505233816998,
    1.503510394192482,
    2.2222087229553287
  ],
  "best_individual_metrics": {
    "completed_orders": 18,
    "total_orders": 24,
    "completion_rate": 0.75,
    "avg_order_processing_time": 302.05555555555554,
    "total_completion_time": 5437.0,
    "execution_time_seconds": 167.68254399299622,
    "avg_wait_time": 30.29032258064516,
    "max_wait_time": 31,
    "total_wait_time": 939.0,
    "evaluation_ticks": 1329,
    "total_energy_consumed": 936.906161386664,
    "energy_per_order": 52.050342299259114,
    "robot_utilization": 0.7851111111111002,
    "total_stop_go_events": 1033,
    "avg_traffic_rate": 0.02992022116053241,
    "avg_intersection_congestion": 1.1818181818181819,
    "max_intersection_congestion": 3,
    "spillback_penalty_total": 7465.0,
    "signal_switch_count": 692,
    "total_reward": 0.0
  }
}