{
  "generation": 1,
  "best_idx": 0,
  "best_fitness": -0.5170000000000003,
  "all_fitness": [
    -0.5170000000000003
  ]
}