{
  "evaluation_config": {
    "evaluation_ticks": 50000,
    "num_runs": 3,
    "timestamp": "2025-07-23_064911"
  },
  "results": {
    "nerl_global_custom": {
      "individual_runs": [
        {
          "controller_name": "nerl_global_custom",
          "run_id": 0,
          "execution_time": 1934.4613800048828,
          "evaluation_ticks": 50000,
          "completed_orders": 633,
          "total_orders": 713,
          "completion_rate": 0.8877980364656382,
          "avg_wait_time": 5.724999999986115,
          "max_wait_time": 10.64999999997417,
          "total_robots_waiting": 12,
          "total_energy": 21714.71964517047,
          "energy_per_order": 34.30445441575114,
          "robot_utilization": 0.6798466666663888,
          "avg_intersection_congestion": 1.2,
          "max_intersection_congestion": 3,
          "signal_switch_count": 12590,
          "avg_traffic_rate": 0.024282854720696714,
          "stop_and_go_events": 15973,
          "warehouse_final_tick": 7499.999999993497
        },
        {
          "controller_name": "nerl_global_custom",
          "run_id": 1,
          "execution_time": 1649.4303576946259,
          "evaluation_ticks": 50000,
          "completed_orders": 45,
          "total_orders": 73,
          "completion_rate": 0.6164383561643836,
          "avg_wait_time": 5.429999999986831,
          "max_wait_time": 12.899999999968713,
          "total_robots_waiting": 10,
          "total_energy": 2210.8204870622467,
          "energy_per_order": 49.129344156938814,
          "robot_utilization": -5.124126666671977,
          "avg_intersection_congestion": 1.25,
          "max_intersection_congestion": 2,
          "signal_switch_count": 778,
          "avg_traffic_rate": 0.001955132495991045,
          "stop_and_go_events": 1310,
          "warehouse_final_tick": 7499.999999993497
        },
        {
          "controller_name": "nerl_global_custom",
          "run_id": 2,
          "execution_time": 1652.2868502140045,
          "evaluation_ticks": 50000,
          "completed_orders": 28,
          "total_orders": 28,
          "completion_rate": 1.0,
          "avg_wait_time": 7052.216666660186,
          "max_wait_time": 7231.799999993492,
          "total_robots_waiting": 9,
          "total_energy": 1950.3777665623568,
          "energy_per_order": 69.65634880579846,
          "robot_utilization": 0.4036800000003501,
          "avg_intersection_congestion": 1.0,
          "max_intersection_congestion": 1,
          "signal_switch_count": 483,
          "avg_traffic_rate": 0.0009650650970823441,
          "stop_and_go_events": 931,
          "warehouse_final_tick": 7499.999999993497
        }
      ],
      "average_performance": {
        "execution_time": 1745.3928626378377,
        "execution_time_std": 133.69671669343714,
        "completed_orders": 235.33333333333334,
        "completed_orders_std": 281.27843066178315,
        "completion_rate": 0.8347454642100072,
        "completion_rate_std": 0.1610192850203028,
        "avg_wait_time": 2354.457222220053,
        "avg_wait_time_std": 3321.8175617299335,
        "max_wait_time": 2418.4499999978116,
        "max_wait_time_std": 3403.5525491725857,
        "total_energy": 8625.305966265025,
        "total_energy_std": 9256.223868144183,
        "energy_per_order": 51.0300491261628,
        "energy_per_order_std": 14.494794899693922,
        "robot_utilization": -1.3468666666684124,
        "robot_utilization_std": 2.673304676196929,
        "avg_intersection_congestion": 1.1500000000000001,
        "avg_intersection_congestion_std": 0.10801234497346433,
        "max_intersection_congestion": 2.0,
        "max_intersection_congestion_std": 0.816496580927726,
        "num_runs": 3
      },
      "config": {
        "type": "nerl",
        "reward_mode": "global",
        "model_path": "models/training_runs/2025-07-21_162317_nerl_global_a8000ticks/nerl_global_a8000ticks.pth",
        "metadata": {
          "controller_type": "nerl",
          "source": "custom_path"
        }
      }
    }
  }
}