{
  "generation": 15,
  "best_idx": 19,
  "best_fitness": 3.0921727646309627,
  "all_fitness": [
    1.9611657556587596,
    1.6036192011073624,
    1.5817288568620633,
    2.7355276201518004,
    0.9553122260848123,
    2.182835893063832,
    1.9576002132443302,
    1.3134520670187302,
    2.001089434295379,
    2.0389102934646823,
    2.4784441594651097,
    1.1525648740582208,
    1.2708750341231434,
    1.6507260202285072,
    1.6983302477510411,
    1.2729149500429067,
    2.0093988694918656,
    1.5795962216477584,
    1.4798282893051526,
    3.0921727646309627
  ],
  "best_individual_metrics": {
    "completed_orders": 18,
    "total_orders": 58,
    "completion_rate": 0.3103448275862069,
    "avg_order_processing_time": 300.5,
    "total_completion_time": 5409,
    "execution_time_seconds": 176.60337448120117,
    "avg_wait_time": 31.0,
    "max_wait_time": 31,
    "total_wait_time": 1116.0,
    "evaluation_ticks": 1247,
    "total_energy_consumed": 1072.9902703211833,
    "energy_per_order": 59.61057057339907,
    "robot_utilization": 0.7946666666666564,
    "total_stop_go_events": 921,
    "avg_traffic_rate": 0.027572158968714316,
    "avg_intersection_congestion": 1.3636363636363635,
    "max_intersection_congestion": 3,
    "spillback_penalty_total": 8535.0,
    "signal_switch_count": 677,
    "total_reward": 0.0
  }
}