{
  "generation": 2,
  "best_idx": 6,
  "best_fitness": 3.5669122002870464,
  "all_fitness": [
    2.8764004592908994,
    2.725339851885339,
    1.9203406531609384,
    3.051415285930661,
    2.0065163477978913,
    2.3180383125281327,
    3.5669122002870464,
    2.8614003251456164,
    1.87898242465103,
    1.5415930820277495,
    2.407493842372624,
    2.2489777367234236,
    2.3553001477703206,
    2.974417670913312,
    1.9554478775438435,
    2.3188349493723632,
    2.353774445508189,
    1.8607928784420844,
    2.238111279794533,
    1.9299519136359398
  ],
  "best_individual_metrics": {
    "completed_orders": 38,
    "total_orders": 48,
    "completion_rate": 0.7916666666666666,
    "avg_order_processing_time": 345.55263157894734,
    "total_completion_time": 13131,
    "execution_time_seconds": 456.2338955402374,
    "avg_wait_time": 31.0,
    "max_wait_time": 31,
    "total_wait_time": 2170.0,
    "evaluation_ticks": 3546,
    "total_energy_consumed": 2129.4440928901963,
    "energy_per_order": 56.03800244447885,
    "robot_utilization": 0.8849583333333332,
    "total_stop_go_events": 2390,
    "avg_traffic_rate": 0.02231961244465455,
    "avg_intersection_congestion": 1.0,
    "max_intersection_congestion": 1,
    "spillback_penalty_total": 13094.0,
    "signal_switch_count": 1785,
    "total_reward": 0.0
  }
}