{
  "generation": 29,
  "best_idx": 1,
  "best_fitness": 3.6231266379516254,
  "all_fitness": [
    1.6063920803253524,
    3.6231266379516254,
    2.430023938169983,
    1.4929885630728008,
    2.261251830751526,
    2.5729063133493995,
    1.7955113393648512,
    1.421148562618553,
    2.0180541387099806,
    2.6066531853061563,
    1.8154869681392711,
    2.310458796155837,
    2.271978276040804,
    1.5654259356059173,
    1.706989535529246,
    1.5653993057493605,
    1.7836748683614374,
    1.400212633805091,
    1.4943823464495942,
    1.6764012235936978
  ],
  "best_individual_metrics": {
    "completed_orders": 20,
    "total_orders": 25,
    "completion_rate": 0.8,
    "avg_order_processing_time": 306.9,
    "total_completion_time": 6138.0,
    "execution_time_seconds": 167.184636592865,
    "avg_wait_time": 30.68421052631579,
    "max_wait_time": 31,
    "total_wait_time": 1166.0,
    "evaluation_ticks": 1249,
    "total_energy_consumed": 1151.8820230450863,
    "energy_per_order": 57.59410115225431,
    "robot_utilization": 0.8222222222222133,
    "total_stop_go_events": 938,
    "avg_traffic_rate": 0.023862815215343936,
    "avg_intersection_congestion": 1.0769230769230769,
    "max_intersection_congestion": 2,
    "spillback_penalty_total": 7925.0,
    "signal_switch_count": 620,
    "total_reward": 0.0
  }
}