{
  "generation": 24,
  "best_idx": 12,
  "best_fitness": 174468.95000000077,
  "all_fitness": [
    91827.92499999964,
    117134.24999999965,
    134987.34999999983,
    111769.77499999973,
    101493.62499999977,
    95326.5249999999,
    -1000000000.0,
    115450.47499999986,
    -1000000000.0,
    106387.72499999983,
    114745.44999999955,
    80378.77499999975,
    174468.95000000077,
    -1000000000.0,
    88048.52499999969,
    76430.24999999981,
    121527.07499999972,
    104353.72499999955,
    122100.44999999995,
    116017.74999999971
  ],
  "best_individual_metrics": {
    "completed_orders": 15,
    "total_orders": 58,
    "completion_rate": 0.25862068965517243,
    "avg_order_processing_time": 267.6666666666667,
    "total_completion_time": 4015,
    "execution_time_seconds": 100.23734831809998,
    "avg_wait_time": 29.842105263157894,
    "max_wait_time": 31,
    "total_wait_time": 1134.0,
    "evaluation_ticks": 1065,
    "total_energy_consumed": 1134.0866885811913,
    "energy_per_order": 75.60577923874608,
    "robot_utilization": 0.8368888888888806,
    "total_stop_go_events": 1077,
    "avg_traffic_rate": 0.028129953497706185,
    "avg_intersection_congestion": 1.2222222222222223,
    "max_intersection_congestion": 2,
    "spillback_penalty_total": 0.0,
    "signal_switch_count": 692,
    "total_reward": 174468.95000000077
  }
}