{
  "generation": 8,
  "best_idx": 14,
  "best_fitness": 2.7591111202875966,
  "all_fitness": [
    1.6301158466388113,
    1.6433465031780348,
    1.7819782028961006,
    1.2736678819304323,
    2.12620251791884,
    1.5601336284887781,
    1.7402364438175024,
    2.1317534817932806,
    2.2540674341614877,
    1.4229472651163975,
    1.4149524419592718,
    2.270678755214814,
    1.6488265301308345,
    1.6271933905815943,
    2.7591111202875966,
    1.1682338247816944,
    1.9080441875581324,
    1.751059571313845,
    1.7325669707738673,
    2.136405388562682
  ],
  "best_individual_metrics": {
    "completed_orders": 17,
    "total_orders": 58,
    "completion_rate": 0.29310344827586204,
    "avg_order_processing_time": 315.52941176470586,
    "total_completion_time": 5364,
    "execution_time_seconds": 176.36555171012878,
    "avg_wait_time": 31.0,
    "max_wait_time": 31,
    "total_wait_time": 1023.0,
    "evaluation_ticks": 1019,
    "total_energy_consumed": 1238.0922736627158,
    "energy_per_order": 72.8289572742774,
    "robot_utilization": 0.7833333333333226,
    "total_stop_go_events": 911,
    "avg_traffic_rate": 0.02644151070628673,
    "avg_intersection_congestion": 1.25,
    "max_intersection_congestion": 3,
    "spillback_penalty_total": 9199.0,
    "signal_switch_count": 679,
    "total_reward": 0.0
  }
}