{
  "generation": 9,
  "best_idx": 2,
  "best_fitness": -3711.5693301252013,
  "all_fitness": [
    -4791.984765315498,
    -4590.3505991181155,
    -3711.5693301252013,
    -5833.146119944104,
    -6037.35142962976,
    -5660.0045173148965,
    -4479.966437420624,
    -1000000000.0,
    -5559.126675081038,
    -5701.321389034557
  ]
}