{
  "generation": 14,
  "best_idx": 4,
  "best_fitness": 4.905905257597295,
  "all_fitness": [
    3.5278969777452382,
    3.1413191552164434,
    3.9616119757136508,
    3.001748183869929,
    4.905905257597295,
    3.270215982659623,
    3.5059904653828444,
    4.582448380675396,
    3.297294150668648,
    3.8458969283074578,
    3.264737866749859,
    -1000000000.0,
    4.8310532933016175,
    4.083349940201888,
    4.0809539299781985,
    3.2777231569970287,
    3.0285237209661413,
    2.6687805787990717,
    3.928470577061713,
    4.542066118778668
  ],
  "best_individual_metrics": {
    "completed_orders": 46,
    "total_orders": 80,
    "completion_rate": 0.575,
    "avg_order_processing_time": 701.5,
    "total_completion_time": 32269,
    "execution_time_seconds": 525.2077805995941,
    "avg_wait_time": 31.0,
    "max_wait_time": 31,
    "total_wait_time": 1674.0,
    "evaluation_ticks": 3652,
    "total_energy_consumed": 1889.1003805455596,
    "energy_per_order": 41.06739957707738,
    "robot_utilization": 0.9100833333333332,
    "total_stop_go_events": 2387,
    "avg_traffic_rate": 0.022705856835667632,
    "avg_intersection_congestion": 1.1666666666666667,
    "max_intersection_congestion": 2,
    "spillback_penalty_total": 10564.0,
    "signal_switch_count": 1862,
    "total_reward": 0.0
  }
}