{
  "generation": 17,
  "best_idx": 15,
  "best_fitness": 3.8375329756553165,
  "all_fitness": [
    2.93951454079594,
    3.5911244665846156,
    2.6248598305370594,
    2.676209551280818,
    3.2793488828459467,
    1.9972189001363025,
    2.0397228095132163,
    2.6352749203052888,
    2.3410746370033735,
    -1000000000.0,
    2.6202477069871235,
    2.4133351457703345,
    2.9146623237589777,
    3.2852204116447252,
    2.9512352126752024,
    3.8375329756553165,
    2.865855587865419,
    2.4227156723627554,
    2.722967076022376,
    3.3232498035785456
  ],
  "best_individual_metrics": {
    "completed_orders": 37,
    "total_orders": 47,
    "completion_rate": 0.7872340425531915,
    "avg_order_processing_time": 313.1621621621622,
    "total_completion_time": 11587,
    "execution_time_seconds": 471.4458920955658,
    "avg_wait_time": 31.0,
    "max_wait_time": 31,
    "total_wait_time": 1860.0,
    "evaluation_ticks": 3588,
    "total_energy_consumed": 1852.219113343387,
    "energy_per_order": 50.05997603630776,
    "robot_utilization": 0.8214583333333328,
    "total_stop_go_events": 2374,
    "avg_traffic_rate": 0.024400058132130847,
    "avg_intersection_congestion": 1.1818181818181819,
    "max_intersection_congestion": 2,
    "spillback_penalty_total": 11098.0,
    "signal_switch_count": 1796,
    "total_reward": 0.0
  }
}