{
  "generation": 28,
  "best_idx": 3,
  "best_fitness": 1537482.6749999835,
  "all_fitness": [
    1135433.0499999924,
    1066726.5249999913,
    1285333.9999999925,
    1537482.6749999835,
    1085146.5749999916,
    1078666.2499999902,
    1052356.8499999845,
    1182725.4999999902,
    1234976.799999988,
    1161839.949999991,
    1357252.9749999763,
    1112938.3499999922,
    1100216.8249999888,
    1207575.3749999884,
    1430423.8249999837,
    1251855.374999987,
    1194022.424999986,
    1303911.124999985,
    1184039.4999999884,
    1150903.9749999926
  ],
  "best_individual_metrics": {
    "completed_orders": 45,
    "total_orders": 80,
    "completion_rate": 0.5625,
    "avg_order_processing_time": 673.5333333333333,
    "total_completion_time": 30309,
    "execution_time_seconds": 487.887056350708,
    "avg_wait_time": 30.983333333333334,
    "max_wait_time": 31,
    "total_wait_time": 1859.0,
    "evaluation_ticks": 3578,
    "total_energy_consumed": 1507.309364126481,
    "energy_per_order": 33.49576364725513,
    "robot_utilization": 0.9195416666666663,
    "total_stop_go_events": 2622,
    "avg_traffic_rate": 0.025261128105503322,
    "avg_intersection_congestion": 1.3333333333333333,
    "max_intersection_congestion": 3,
    "spillback_penalty_total": 0.0,
    "signal_switch_count": 1880,
    "total_reward": 1537482.6749999835
  }
}