{
  "generation": 21,
  "best_idx": 14,
  "best_fitness": 2.855294626701295,
  "all_fitness": [
    2.1788265423136632,
    2.2716336501977805,
    2.122765060536321,
    2.407911527050213,
    1.4777374992039403,
    1.5783298283314413,
    1.5203615679465183,
    1.7744853028607104,
    1.8981447236987796,
    1.7476623013535635,
    1.9171161490107291,
    2.402806205547021,
    1.5581472174754274,
    1.608911761363055,
    2.855294626701295,
    2.7665585818637233,
    1.567928859984802,
    1.7633578753060335,
    2.7015530980578593,
    2.133009732562006
  ],
  "best_individual_metrics": {
    "completed_orders": 19,
    "total_orders": 26,
    "completion_rate": 0.7307692307692307,
    "avg_order_processing_time": 243.57894736842104,
    "total_completion_time": 4628.0,
    "execution_time_seconds": 169.4562087059021,
    "avg_wait_time": 30.821428571428573,
    "max_wait_time": 31,
    "total_wait_time": 863.0,
    "evaluation_ticks": 1229,
    "total_energy_consumed": 1096.0907175390885,
    "energy_per_order": 57.68898513363624,
    "robot_utilization": 0.7664444444444328,
    "total_stop_go_events": 898,
    "avg_traffic_rate": 0.026490879409090288,
    "avg_intersection_congestion": 1.3333333333333333,
    "max_intersection_congestion": 3,
    "spillback_penalty_total": 10199.0,
    "signal_switch_count": 620,
    "total_reward": 0.0
  }
}