{
  "generation": 1,
  "best_idx": 0,
  "best_fitness": -10.139999999999992,
  "all_fitness": [
    -10.139999999999992
  ]
}