{
  "generation": 7,
  "best_idx": 7,
  "best_fitness": 203020.07500000088,
  "all_fitness": [
    148402.77499999994,
    130435.59999999937,
    -1000000000.0,
    96157.4749999998,
    123886.72499999969,
    120109.2249999999,
    131387.47500000003,
    203020.07500000088,
    -1000000000.0,
    117770.12499999983,
    138777.32499999998,
    106561.9499999997,
    99581.42499999962,
    -1000000000.0,
    124880.27499999994,
    82094.82499999974,
    105931.32499999991,
    115472.97499999989,
    128957.99999999981,
    99658.32499999981
  ],
  "best_individual_metrics": {
    "completed_orders": 18,
    "total_orders": 58,
    "completion_rate": 0.3103448275862069,
    "avg_order_processing_time": 319.3333333333333,
    "total_completion_time": 5748,
    "execution_time_seconds": 182.88476538658142,
    "avg_wait_time": 31.0,
    "max_wait_time": 31,
    "total_wait_time": 1147.0,
    "evaluation_ticks": 1425,
    "total_energy_consumed": 891.2817408232379,
    "energy_per_order": 49.51565226795766,
    "robot_utilization": 0.8294444444444359,
    "total_stop_go_events": 943,
    "avg_traffic_rate": 0.030355322417644236,
    "avg_intersection_congestion": 1.375,
    "max_intersection_congestion": 4,
    "spillback_penalty_total": 0.0,
    "signal_switch_count": 664,
    "total_reward": 203020.07500000088
  }
}