{
  "generation": 28,
  "best_idx": 19,
  "best_fitness": 185166.72500000044,
  "all_fitness": [
    113280.32499999991,
    146284.29999999993,
    102230.94999999984,
    104450.54999999977,
    95586.2499999996,
    97091.14999999944,
    118934.09999999977,
    132543.44999999978,
    112256.24999999964,
    117997.42499999974,
    120464.54999999952,
    125052.77499999972,
    101609.77499999998,
    130814.42499999954,
    99719.72499999976,
    121056.0,
    124485.37499999974,
    87791.04999999981,
    106022.29999999989,
    185166.72500000044
  ],
  "best_individual_metrics": {
    "completed_orders": 13,
    "total_orders": 58,
    "completion_rate": 0.22413793103448276,
    "avg_order_processing_time": 201.6153846153846,
    "total_completion_time": 2621,
    "execution_time_seconds": 164.5277500152588,
    "avg_wait_time": 30.523809523809526,
    "max_wait_time": 31,
    "total_wait_time": 1282.0,
    "evaluation_ticks": 1226,
    "total_energy_consumed": 1019.0528301178946,
    "energy_per_order": 78.38867923983804,
    "robot_utilization": 0.8321111111111028,
    "total_stop_go_events": 991,
    "avg_traffic_rate": 0.026658179816779988,
    "avg_intersection_congestion": 1.0,
    "max_intersection_congestion": 1,
    "spillback_penalty_total": 0.0,
    "signal_switch_count": 736,
    "total_reward": 185166.72500000044
  }
}