{
  "generation": 9,
  "best_idx": 18,
  "best_fitness": 2.33238736404749,
  "all_fitness": [
    1.9878786383339275,
    1.361193524721409,
    1.4803274487509792,
    1.6149955990298586,
    1.6880687652319601,
    1.8438885786044548,
    1.1446196845207226,
    2.0227262923126976,
    1.9546934949208328,
    1.6694496366704794,
    1.4840916497750187,
    1.5132720995165276,
    1.623591596811722,
    2.1537685764431345,
    1.6246944992893528,
    1.6685601253471525,
    1.9982415816126216,
    1.8384972481957198,
    2.33238736404749,
    2.193320539585558
  ],
  "best_individual_metrics": {
    "completed_orders": 14,
    "total_orders": 58,
    "completion_rate": 0.2413793103448276,
    "avg_order_processing_time": 222.5,
    "total_completion_time": 3115,
    "execution_time_seconds": 170.59456610679626,
    "avg_wait_time": 30.714285714285715,
    "max_wait_time": 31,
    "total_wait_time": 1075.0,
    "evaluation_ticks": 1226,
    "total_energy_consumed": 1468.6694803840026,
    "energy_per_order": 104.90496288457162,
    "robot_utilization": 0.7628888888888772,
    "total_stop_go_events": 892,
    "avg_traffic_rate": 0.022252624546821243,
    "avg_intersection_congestion": 2.2,
    "max_intersection_congestion": 6,
    "spillback_penalty_total": 8858.0,
    "signal_switch_count": 640,
    "total_reward": 0.0
  }
}