{
  "generation": 14,
  "best_idx": 19,
  "best_fitness": 2.738645680761243,
  "all_fitness": [
    2.5055517013120494,
    1.496628635294887,
    1.6303618788861554,
    1.5235836868314543,
    1.9959684192767253,
    2.315924863132647,
    2.5160279885298213,
    1.4525609042203886,
    1.41436365362449,
    1.764618000875685,
    1.7666678436233447,
    2.183247170148612,
    1.8069791849876344,
    2.3982000810878903,
    2.004580674159606,
    1.6924299717639693,
    2.0582444928501027,
    1.680214391418832,
    2.001150614525144,
    2.738645680761243
  ],
  "best_individual_metrics": {
    "completed_orders": 17,
    "total_orders": 58,
    "completion_rate": 0.29310344827586204,
    "avg_order_processing_time": 278.4117647058824,
    "total_completion_time": 4733,
    "execution_time_seconds": 143.34040927886963,
    "avg_wait_time": 30.717391304347824,
    "max_wait_time": 31,
    "total_wait_time": 1413.0,
    "evaluation_ticks": 1138,
    "total_energy_consumed": 1328.9551257422656,
    "energy_per_order": 78.17383092601563,
    "robot_utilization": 0.8131111111111018,
    "total_stop_go_events": 1049,
    "avg_traffic_rate": 0.027698103653939134,
    "avg_intersection_congestion": 1.2,
    "max_intersection_congestion": 2,
    "spillback_penalty_total": 9282.0,
    "signal_switch_count": 827,
    "total_reward": 0.0
  }
}