{
  "generation": 7,
  "best_idx": 4,
  "best_fitness": 165427.37500000035,
  "all_fitness": [
    109653.54999999993,
    119886.84999999971,
    124398.22499999964,
    126404.42499999958,
    165427.37500000035,
    116735.07499999931,
    95582.67500000003,
    141606.82499999995,
    114434.32499999946,
    90434.72499999985,
    -1000000000.0,
    125570.02499999951,
    96107.67500000002,
    118717.70000000001,
    84531.09999999986,
    134564.69999999995,
    -1000000000.0,
    -1000000000.0,
    -1000000000.0,
    -1000000000.0
  ],
  "best_individual_metrics": {
    "completed_orders": 15,
    "total_orders": 58,
    "completion_rate": 0.25862068965517243,
    "avg_order_processing_time": 313.2,
    "total_completion_time": 4698,
    "execution_time_seconds": 199.0524024963379,
    "avg_wait_time": 31.0,
    "max_wait_time": 31,
    "total_wait_time": 837.0,
    "evaluation_ticks": 1044,
    "total_energy_consumed": 1825.7726642890725,
    "energy_per_order": 121.7181776192715,
    "robot_utilization": 0.9002222222222173,
    "total_stop_go_events": 1037,
    "avg_traffic_rate": 0.023831328951077903,
    "avg_intersection_congestion": 1.25,
    "max_intersection_congestion": 2,
    "spillback_penalty_total": 0.0,
    "signal_switch_count": 721,
    "total_reward": 165427.37500000035
  }
}