{
  "generation": 14,
  "best_idx": 8,
  "best_fitness": 3.1022124904481143,
  "all_fitness": [
    1.7251496806717548,
    2.175897472481731,
    1.6754967341649063,
    2.5773504218805305,
    2.082213512547716,
    2.8493528728779176,
    2.243141344529801,
    1.6054970375250401,
    3.1022124904481143,
    2.025328150128773,
    1.358375812923253,
    1.457767013378253,
    1.777750149111349,
    1.8073457668816104,
    1.0626254205404215,
    2.280122871386473,
    1.9661002359588295,
    2.1437676662354277,
    1.6481463386893411,
    1.5637311463169314
  ],
  "best_individual_metrics": {
    "completed_orders": 19,
    "total_orders": 26,
    "completion_rate": 0.7307692307692307,
    "avg_order_processing_time": 246.6315789473684,
    "total_completion_time": 4686.0,
    "execution_time_seconds": 171.80037641525269,
    "avg_wait_time": 31.0,
    "max_wait_time": 31,
    "total_wait_time": 992.0,
    "evaluation_ticks": 1260,
    "total_energy_consumed": 1113.2208415187413,
    "energy_per_order": 58.59057060624954,
    "robot_utilization": 0.7341111111110977,
    "total_stop_go_events": 900,
    "avg_traffic_rate": 0.02592738303233381,
    "avg_intersection_congestion": 1.0909090909090908,
    "max_intersection_congestion": 2,
    "spillback_penalty_total": 9138.0,
    "signal_switch_count": 569,
    "total_reward": 0.0
  }
}