{
  "generation": 5,
  "best_idx": 7,
  "best_fitness": -2009.1260614446498,
  "all_fitness": [
    -2531.083129300692,
    -4356.342721110961,
    -3998.5790731552893,
    -1000000000.0,
    -7503.944816505387,
    -3423.2259276706013,
    -5797.487308834113,
    -2009.1260614446498,
    -5714.106699554851,
    -5070.354358293312
  ]
}