{
  "generation": 11,
  "best_idx": 17,
  "best_fitness": 5.211240569681733,
  "all_fitness": [
    3.4095521957859494,
    4.616145043139735,
    2.708432043297078,
    4.072224530950563,
    5.0766503569409815,
    3.0697334521213184,
    3.1476288697346546,
    2.9552712309034024,
    3.1857657516047384,
    3.070378770722724,
    3.482104884536111,
    2.532077784406856,
    3.596435701392475,
    3.0267539020967433,
    4.225961123678805,
    3.665848651535818,
    3.2471712804805244,
    5.211240569681733,
    3.6151766276615174,
    3.062432648180406
  ],
  "best_individual_metrics": {
    "completed_orders": 43,
    "total_orders": 80,
    "completion_rate": 0.5375,
    "avg_order_processing_time": 639.8139534883721,
    "total_completion_time": 27512,
    "execution_time_seconds": 479.7125403881073,
    "avg_wait_time": 31.0,
    "max_wait_time": 31,
    "total_wait_time": 2015.0,
    "evaluation_ticks": 3907,
    "total_energy_consumed": 1827.8830883830697,
    "energy_per_order": 42.50890903216441,
    "robot_utilization": 0.9213333333333331,
    "total_stop_go_events": 2502,
    "avg_traffic_rate": 0.024366752999813914,
    "avg_intersection_congestion": 1.3636363636363635,
    "max_intersection_congestion": 2,
    "spillback_penalty_total": 8320.0,
    "signal_switch_count": 1845,
    "total_reward": 0.0
  }
}