{
  "generation": 5,
  "best_idx": 1,
  "best_fitness": 2.4040590956903545,
  "all_fitness": [
    1.6136405141171657,
    2.4040590956903545,
    2.101609561801811,
    1.7562780737052353,
    0.9066032382962698,
    1.5115620364813513,
    1.685585973148827,
    1.5346988710320053,
    1.7308328309536083,
    1.8729938528535912,
    1.8318958315450493,
    2.260057958485686,
    1.5599665061828234,
    1.9357643041543822,
    2.2371592620395875,
    1.5482346750585008,
    1.7336888548351805,
    1.673762322357818,
    1.0450465257235717,
    1.6330099366893434
  ],
  "best_individual_metrics": {
    "completed_orders": 15,
    "total_orders": 58,
    "completion_rate": 0.25862068965517243,
    "avg_order_processing_time": 257.26666666666665,
    "total_completion_time": 3859,
    "execution_time_seconds": 191.12201189994812,
    "avg_wait_time": 31.0,
    "max_wait_time": 31,
    "total_wait_time": 837.0,
    "evaluation_ticks": 1214,
    "total_energy_consumed": 958.9456200931896,
    "energy_per_order": 63.92970800621264,
    "robot_utilization": 0.8097777777777683,
    "total_stop_go_events": 969,
    "avg_traffic_rate": 0.04043345724172856,
    "avg_intersection_congestion": 1.125,
    "max_intersection_congestion": 2,
    "spillback_penalty_total": 9383.0,
    "signal_switch_count": 623,
    "total_reward": 0.0
  }
}