{
  "generation": 21,
  "best_idx": 13,
  "best_fitness": 4.060142004998042,
  "all_fitness": [
    2.6188666513346255,
    3.4117989698262097,
    3.7849507974689462,
    3.332086818171534,
    2.8828459819008305,
    3.027218640170042,
    2.4799427752437984,
    3.5662923038596124,
    2.7169036253332717,
    3.2280321326339716,
    2.304956736649794,
    2.284015751823713,
    2.37556670883416,
    4.060142004998042,
    3.6628807510812966,
    3.2124345242688994,
    2.776179060882322,
    3.314267639164911,
    2.560906380863291,
    2.121568669896753
  ],
  "best_individual_metrics": {
    "completed_orders": 39,
    "total_orders": 48,
    "completion_rate": 0.8125,
    "avg_order_processing_time": 275.4102564102564,
    "total_completion_time": 10741,
    "execution_time_seconds": 460.92949748039246,
    "avg_wait_time": 31.0,
    "max_wait_time": 31,
    "total_wait_time": 1891.0,
    "evaluation_ticks": 3623,
    "total_energy_consumed": 2071.5070935461004,
    "energy_per_order": 53.11556650118206,
    "robot_utilization": 0.8707916666666662,
    "total_stop_go_events": 2380,
    "avg_traffic_rate": 0.022525129679658116,
    "avg_intersection_congestion": 1.0833333333333333,
    "max_intersection_congestion": 2,
    "spillback_penalty_total": 11004.0,
    "signal_switch_count": 1770,
    "total_reward": 0.0
  }
}