{
  "generation": 25,
  "best_idx": 0,
  "best_fitness": 4.586496035112177,
  "all_fitness": [
    4.586496035112177,
    3.3114331082077406,
    4.261994574709492,
    4.026993736092336,
    3.5162516656999427,
    -1000000000.0,
    -1000000000.0,
    2.917675762388428,
    4.255743370590014,
    2.879004924977663,
    2.6851698078290105,
    4.38913810205098,
    3.617291454547547,
    3.8656438336107994,
    3.6457329805483325,
    2.430849570012489,
    3.6092300423792567,
    3.3534115503553736,
    3.9164444911692335,
    3.370246369194455
  ],
  "best_individual_metrics": {
    "completed_orders": 43,
    "total_orders": 80,
    "completion_rate": 0.5375,
    "avg_order_processing_time": 644.7674418604652,
    "total_completion_time": 27725,
    "execution_time_seconds": 481.51732540130615,
    "avg_wait_time": 31.0,
    "max_wait_time": 31,
    "total_wait_time": 1953.0,
    "evaluation_ticks": 3616,
    "total_energy_consumed": 1936.9754683253486,
    "energy_per_order": 45.04594112384532,
    "robot_utilization": 0.9077083333333331,
    "total_stop_go_events": 2485,
    "avg_traffic_rate": 0.023158172214656218,
    "avg_intersection_congestion": 1.1666666666666667,
    "max_intersection_congestion": 2,
    "spillback_penalty_total": 10557.0,
    "signal_switch_count": 1780,
    "total_reward": 0.0
  }
}