{
  "generation": 18,
  "best_idx": 18,
  "best_fitness": 2.452825450453129,
  "all_fitness": [
    1.8735784367085564,
    1.7844464581356865,
    1.4459640475249074,
    1.521259126051225,
    1.1446930132780169,
    1.726657376191477,
    2.2692215701537037,
    2.2420975906116247,
    1.639471394368521,
    1.8510455790791307,
    2.186077852646589,
    2.135653540031858,
    1.1609442680376263,
    1.289527239401902,
    2.153333504816239,
    1.678916427379466,
    1.579595088890212,
    2.1518613644808804,
    2.452825450453129,
    1.618399794204368
  ],
  "best_individual_metrics": {
    "completed_orders": 18,
    "total_orders": 58,
    "completion_rate": 0.3103448275862069,
    "avg_order_processing_time": 260.6666666666667,
    "total_completion_time": 4692,
    "execution_time_seconds": 165.66365909576416,
    "avg_wait_time": 31.0,
    "max_wait_time": 31,
    "total_wait_time": 1364.0,
    "evaluation_ticks": 893,
    "total_energy_consumed": 1719.5141895286301,
    "energy_per_order": 95.5285660849239,
    "robot_utilization": 0.8094444444444349,
    "total_stop_go_events": 1013,
    "avg_traffic_rate": 0.027026175000121878,
    "avg_intersection_congestion": 1.1818181818181819,
    "max_intersection_congestion": 3,
    "spillback_penalty_total": 11505.0,
    "signal_switch_count": 752,
    "total_reward": 0.0
  }
}