{
  "generation": 18,
  "best_idx": 19,
  "best_fitness": 239401.82500000112,
  "all_fitness": [
    163259.84999999983,
    130182.74999999984,
    126970.69999999997,
    171064.6499999999,
    123679.29999999986,
    137968.0249999999,
    122053.62499999972,
    84268.24999999994,
    115286.8499999997,
    105373.32499999976,
    112803.4499999993,
    112848.6249999997,
    142164.07499999984,
    112113.27499999957,
    116034.09999999974,
    118327.9999999998,
    121471.69999999997,
    119553.32499999978,
    100462.37499999965,
    239401.82500000112
  ],
  "best_individual_metrics": {
    "completed_orders": 17,
    "total_orders": 58,
    "completion_rate": 0.29310344827586204,
    "avg_order_processing_time": 325.05882352941177,
    "total_completion_time": 5526,
    "execution_time_seconds": 172.38876008987427,
    "avg_wait_time": 29.972972972972972,
    "max_wait_time": 31,
    "total_wait_time": 1109.0,
    "evaluation_ticks": 1387,
    "total_energy_consumed": 833.0771812054446,
    "energy_per_order": 49.004540070908504,
    "robot_utilization": 0.7951111111111008,
    "total_stop_go_events": 868,
    "avg_traffic_rate": 0.025646799336037064,
    "avg_intersection_congestion": 1.3,
    "max_intersection_congestion": 3,
    "spillback_penalty_total": 0.0,
    "signal_switch_count": 677,
    "total_reward": 239401.82500000112
  }
}