{
  "generation": 5,
  "best_idx": 17,
  "best_fitness": 148675.27500000008,
  "all_fitness": [
    108108.075,
    91163.27499999976,
    130261.29999999996,
    129256.14999999982,
    113255.12499999968,
    115367.6749999997,
    98674.92499999987,
    110560.19999999982,
    94482.29999999977,
    114519.09999999985,
    131321.7999999998,
    105440.04999999967,
    110007.19999999991,
    72910.72499999989,
    102004.0249999998,
    -1000000000.0,
    -1000000000.0,
    148675.27500000008,
    -1000000000.0,
    -1000000000.0
  ],
  "best_individual_metrics": {
    "completed_orders": 15,
    "total_orders": 58,
    "completion_rate": 0.25862068965517243,
    "avg_order_processing_time": 340.06666666666666,
    "total_completion_time": 5101,
    "execution_time_seconds": 163.41371750831604,
    "avg_wait_time": 31.0,
    "max_wait_time": 31,
    "total_wait_time": 1023.0,
    "evaluation_ticks": 991,
    "total_energy_consumed": 1656.8998303609956,
    "energy_per_order": 110.45998869073304,
    "robot_utilization": 0.8565555555555481,
    "total_stop_go_events": 834,
    "avg_traffic_rate": 0.02227321402936828,
    "avg_intersection_congestion": 1.0,
    "max_intersection_congestion": 1,
    "spillback_penalty_total": 0.0,
    "signal_switch_count": 564,
    "total_reward": 148675.27500000008
  }
}