{
  "generation": 6,
  "best_idx": 13,
  "best_fitness": 1577540.6749999812,
  "all_fitness": [
    1046835.7749999885,
    903225.7499999972,
    1307672.4749999845,
    1079175.2749999948,
    1093901.0999999947,
    681410.9499999963,
    1103569.5749999902,
    1209168.1249999932,
    979311.2749999923,
    621989.9750000001,
    951696.0749999927,
    950655.0249999939,
    1343043.974999984,
    1577540.6749999812,
    1299910.4249999884,
    1148973.0999999885,
    1277585.049999986,
    883345.6749999924,
    1446922.4249999889,
    1151726.1249999919
  ],
  "best_individual_metrics": {
    "completed_orders": 46,
    "total_orders": 80,
    "completion_rate": 0.575,
    "avg_order_processing_time": 603.7608695652174,
    "total_completion_time": 27773,
    "execution_time_seconds": 502.59307312965393,
    "avg_wait_time": 31.0,
    "max_wait_time": 31,
    "total_wait_time": 2139.0,
    "evaluation_ticks": 3375,
    "total_energy_consumed": 2262.708167131727,
    "energy_per_order": 49.1893079811245,
    "robot_utilization": 0.9460416666666667,
    "total_stop_go_events": 2879,
    "avg_traffic_rate": 0.027460772550427934,
    "avg_intersection_congestion": 1.2,
    "max_intersection_congestion": 2,
    "spillback_penalty_total": 0.0,
    "signal_switch_count": 2137,
    "total_reward": 1577540.6749999812
  }
}