{
  "generation": 17,
  "best_idx": 9,
  "best_fitness": 1498319.8499999847,
  "all_fitness": [
    1277091.674999994,
    1023697.5499999906,
    1164061.8499999915,
    1044657.9249999858,
    1342321.724999991,
    1432062.4499999948,
    882774.374999994,
    1154227.049999993,
    1280393.5249999913,
    1498319.8499999847,
    992074.9999999936,
    1067156.0499999907,
    1058363.049999992,
    1069658.4999999912,
    1118196.9499999909,
    1132598.3499999885,
    1476292.6499999878,
    877388.1749999952,
    846181.0499999956,
    960557.749999987
  ],
  "best_individual_metrics": {
    "completed_orders": 43,
    "total_orders": 80,
    "completion_rate": 0.5375,
    "avg_order_processing_time": 710.1627906976744,
    "total_completion_time": 30537,
    "execution_time_seconds": 512.7279334068298,
    "avg_wait_time": 31.0,
    "max_wait_time": 31,
    "total_wait_time": 1829.0,
    "evaluation_ticks": 3362,
    "total_energy_consumed": 1787.7920241130923,
    "energy_per_order": 41.576558700304474,
    "robot_utilization": 0.9211666666666665,
    "total_stop_go_events": 2464,
    "avg_traffic_rate": 0.02317422383676448,
    "avg_intersection_congestion": 1.1818181818181819,
    "max_intersection_congestion": 2,
    "spillback_penalty_total": 0.0,
    "signal_switch_count": 1840,
    "total_reward": 1498319.8499999847
  }
}