{
  "generation": 4,
  "best_idx": 9,
  "best_fitness": 5.144073631582897,
  "all_fitness": [
    3.6797733619282975,
    2.7564893464604943,
    3.3674510781183655,
    3.240216748772625,
    2.6127101076851464,
    3.4550918658105627,
    3.2379507814027306,
    2.51364877503406,
    3.018074345028203,
    5.144073631582897,
    4.827298592803228,
    2.7982962182163833,
    2.91058055663033,
    2.592420252138301,
    3.307780049611033,
    3.5231483772559056,
    3.06932428721104,
    3.13207273959514,
    2.7987615630277487,
    4.33284574856094
  ],
  "best_individual_metrics": {
    "completed_orders": 44,
    "total_orders": 80,
    "completion_rate": 0.55,
    "avg_order_processing_time": 615.5681818181819,
    "total_completion_time": 27085,
    "execution_time_seconds": 509.5716345310211,
    "avg_wait_time": 31.0,
    "max_wait_time": 31,
    "total_wait_time": 1953.0,
    "evaluation_ticks": 3250,
    "total_energy_consumed": 1660.6460503765047,
    "energy_per_order": 37.74195569037511,
    "robot_utilization": 0.9059999999999999,
    "total_stop_go_events": 2454,
    "avg_traffic_rate": 0.023722419045681988,
    "avg_intersection_congestion": 1.0769230769230769,
    "max_intersection_congestion": 2,
    "spillback_penalty_total": 8941.0,
    "signal_switch_count": 1890,
    "total_reward": 0.0
  }
}