{
  "generation": 23,
  "best_idx": 11,
  "best_fitness": 4.680106424882552,
  "all_fitness": [
    3.2527742784267026,
    3.883226422756638,
    4.0448400871953245,
    3.613481484196125,
    3.5183183649805567,
    2.8800694792173807,
    2.7207206229840684,
    3.0095138202191314,
    4.4174429603200585,
    4.178417346172878,
    3.2948516257684846,
    4.680106424882552,
    2.9020909556915075,
    3.5168603282828905,
    3.269265879175103,
    3.605833522625536,
    2.9272344860182185,
    2.689233503824778,
    4.4583505774203935,
    3.6898114950218126
  ],
  "best_individual_metrics": {
    "completed_orders": 42,
    "total_orders": 80,
    "completion_rate": 0.525,
    "avg_order_processing_time": 710.7380952380952,
    "total_completion_time": 29851,
    "execution_time_seconds": 517.4001340866089,
    "avg_wait_time": 30.158730158730158,
    "max_wait_time": 31,
    "total_wait_time": 1900.0,
    "evaluation_ticks": 4107,
    "total_energy_consumed": 1403.0978770037627,
    "energy_per_order": 33.4070923096134,
    "robot_utilization": 0.9082499999999998,
    "total_stop_go_events": 2425,
    "avg_traffic_rate": 0.0232018453378327,
    "avg_intersection_congestion": 1.1538461538461537,
    "max_intersection_congestion": 2,
    "spillback_penalty_total": 9808.0,
    "signal_switch_count": 1781,
    "total_reward": 0.0
  }
}