{
  "generation": 17,
  "best_idx": 1,
  "best_fitness": 5.230597388226502,
  "all_fitness": [
    3.325411470244007,
    5.230597388226502,
    2.3525090229976935,
    3.601459118748985,
    3.3991492513295043,
    2.9380082474652967,
    3.252711377042705,
    2.759619500281086,
    3.581832502321227,
    3.2861732495586478,
    4.24575710337745,
    3.248081750289693,
    3.435081549433048,
    3.273569506143752,
    3.15596652861961,
    3.2069116186088835,
    2.7960405482889517,
    3.3575278543394615,
    3.4634014787239678,
    2.797799669289421
  ],
  "best_individual_metrics": {
    "completed_orders": 45,
    "total_orders": 80,
    "completion_rate": 0.5625,
    "avg_order_processing_time": 672.8666666666667,
    "total_completion_time": 30279,
    "execution_time_seconds": 500.91571712493896,
    "avg_wait_time": 31.0,
    "max_wait_time": 31,
    "total_wait_time": 1767.0,
    "evaluation_ticks": 3583,
    "total_energy_consumed": 1454.4761347414885,
    "energy_per_order": 32.32169188314419,
    "robot_utilization": 0.9299166666666666,
    "total_stop_go_events": 2562,
    "avg_traffic_rate": 0.026059205810493775,
    "avg_intersection_congestion": 1.1666666666666667,
    "max_intersection_congestion": 2,
    "spillback_penalty_total": 9061.0,
    "signal_switch_count": 2096,
    "total_reward": 0.0
  }
}