{
  "generation": 23,
  "best_idx": 15,
  "best_fitness": 2.473731253849479,
  "all_fitness": [
    1.4744762345044302,
    1.941675065676026,
    2.2028404622781506,
    1.1584783220653436,
    1.6935113232922243,
    2.1583009783912614,
    2.127742630313677,
    1.4768247860602775,
    1.936829069751887,
    1.9837092371083294,
    2.353249040674996,
    2.1644143769514055,
    2.4507392094001212,
    2.318231569865644,
    1.273304929921745,
    2.473731253849479,
    1.951880179197693,
    2.3786427893457627,
    1.7808242937269048,
    2.3962073521059737
  ],
  "best_individual_metrics": {
    "completed_orders": 13,
    "total_orders": 58,
    "completion_rate": 0.22413793103448276,
    "avg_order_processing_time": 237.84615384615384,
    "total_completion_time": 3092,
    "execution_time_seconds": 171.07617378234863,
    "avg_wait_time": 31.0,
    "max_wait_time": 31,
    "total_wait_time": 930.0,
    "evaluation_ticks": 1276,
    "total_energy_consumed": 1234.384054666297,
    "energy_per_order": 94.95261958971516,
    "robot_utilization": 0.8093333333333238,
    "total_stop_go_events": 838,
    "avg_traffic_rate": 0.02362727097891136,
    "avg_intersection_congestion": 1.0909090909090908,
    "max_intersection_congestion": 2,
    "spillback_penalty_total": 7387.0,
    "signal_switch_count": 701,
    "total_reward": 0.0
  }
}