{
  "generation": 24,
  "best_idx": 0,
  "best_fitness": 1427282.3749999886,
  "all_fitness": [
    1427282.3749999886,
    1259248.2499999865,
    1248310.3749999863,
    1244417.6749999893,
    1154935.1999999874,
    1293128.7249999894,
    1399062.9999999774,
    1137473.2749999915,
    1317014.0999999903,
    923994.8499999923,
    934020.2249999938,
    1229783.474999986,
    1347548.074999989,
    1380751.924999982,
    1257155.124999989,
    1176280.2249999882,
    1253106.524999991,
    1286932.299999988,
    1023883.6999999934,
    1105249.6749999924
  ],
  "best_individual_metrics": {
    "completed_orders": 44,
    "total_orders": 80,
    "completion_rate": 0.55,
    "avg_order_processing_time": 659.6363636363636,
    "total_completion_time": 29024,
    "execution_time_seconds": 488.4622712135315,
    "avg_wait_time": 31.0,
    "max_wait_time": 31,
    "total_wait_time": 1984.0,
    "evaluation_ticks": 3438,
    "total_energy_consumed": 2537.028797615556,
    "energy_per_order": 57.65974540035354,
    "robot_utilization": 0.9363333333333334,
    "total_stop_go_events": 2519,
    "avg_traffic_rate": 0.02378644743751187,
    "avg_intersection_congestion": 1.6666666666666667,
    "max_intersection_congestion": 4,
    "spillback_penalty_total": 0.0,
    "signal_switch_count": 1833,
    "total_reward": 1427282.3749999886
  }
}