{
  "generation": 1,
  "best_idx": 6,
  "best_fitness": 3.7665353790955467,
  "all_fitness": [
    2.2453469198328193,
    2.2605014159293884,
    2.434704573531951,
    1.918349692098558,
    1.8411096277719317,
    2.247685201918496,
    3.7665353790955467,
    1.8590675961744392,
    -1000000000.0,
    1.9532851649629792,
    2.1113555944400146,
    3.173646506158787,
    1.938225102331906,
    2.420553195574207,
    2.33592350130305,
    2.5889995038746334,
    1.949699259883315,
    2.0173116114319365,
    2.300473793666032,
    1.9719857253337891
  ],
  "best_individual_metrics": {
    "completed_orders": 36,
    "total_orders": 47,
    "completion_rate": 0.7659574468085106,
    "avg_order_processing_time": 370.55555555555554,
    "total_completion_time": 13340,
    "execution_time_seconds": 470.3730857372284,
    "avg_wait_time": 30.848484848484848,
    "max_wait_time": 31,
    "total_wait_time": 2036.0,
    "evaluation_ticks": 3706,
    "total_energy_consumed": 2187.105179306476,
    "energy_per_order": 60.75292164740212,
    "robot_utilization": 0.9217916666666663,
    "total_stop_go_events": 2467,
    "avg_traffic_rate": 0.023031401891627352,
    "avg_intersection_congestion": 1.0,
    "max_intersection_congestion": 1,
    "spillback_penalty_total": 10897.0,
    "signal_switch_count": 1861,
    "total_reward": 0.0
  }
}