{
  "generation": 12,
  "best_idx": 1,
  "best_fitness": 1621728.1499999752,
  "all_fitness": [
    1187082.4249999933,
    1621728.1499999752,
    1025936.2499999894,
    890696.5749999942,
    1190083.5999999892,
    1120953.1999999895,
    1016596.1249999898,
    1378397.799999979,
    1237557.3499999878,
    1228023.6499999885,
    1578193.624999983,
    839105.999999993,
    -1000000000.0,
    -1000000000.0,
    -1000000000.0,
    1249560.7499999902,
    1092957.599999991,
    1057674.199999989,
    956154.9749999931,
    1399998.8749999919
  ],
  "best_individual_metrics": {
    "completed_orders": 44,
    "total_orders": 80,
    "completion_rate": 0.55,
    "avg_order_processing_time": 648.5909090909091,
    "total_completion_time": 28538,
    "execution_time_seconds": 534.5162773132324,
    "avg_wait_time": 31.0,
    "max_wait_time": 31,
    "total_wait_time": 2015.0,
    "evaluation_ticks": 3733,
    "total_energy_consumed": 1325.951924017023,
    "energy_per_order": 30.135271000386886,
    "robot_utilization": 0.9212916666666665,
    "total_stop_go_events": 2489,
    "avg_traffic_rate": 0.024036552691509838,
    "avg_intersection_congestion": 1.2727272727272727,
    "max_intersection_congestion": 3,
    "spillback_penalty_total": 0.0,
    "signal_switch_count": 1784,
    "total_reward": 1621728.1499999752
  }
}