{
  "generation": 25,
  "best_idx": 18,
  "best_fitness": 1544674.1749999765,
  "all_fitness": [
    918623.5749999948,
    1301032.0749999909,
    1087416.0749999892,
    1471290.9999999867,
    1241103.524999988,
    888173.5499999908,
    1235579.6499999864,
    1292365.674999989,
    975545.6749999918,
    1066516.0999999875,
    778561.1249999979,
    1149877.2249999866,
    965712.5249999916,
    1204180.3749999886,
    1308897.1749999872,
    1256227.7999999896,
    1457600.8249999871,
    1342841.84999999,
    1544674.1749999765,
    1161221.5249999883
  ],
  "best_individual_metrics": {
    "completed_orders": 44,
    "total_orders": 80,
    "completion_rate": 0.55,
    "avg_order_processing_time": 668.7727272727273,
    "total_completion_time": 29426,
    "execution_time_seconds": 487.39875745773315,
    "avg_wait_time": 31.0,
    "max_wait_time": 31,
    "total_wait_time": 2015.0,
    "evaluation_ticks": 3688,
    "total_energy_consumed": 1516.6641850093774,
    "energy_per_order": 34.469640568394944,
    "robot_utilization": 0.9249999999999998,
    "total_stop_go_events": 2476,
    "avg_traffic_rate": 0.02350333939887841,
    "avg_intersection_congestion": 1.1818181818181819,
    "max_intersection_congestion": 2,
    "spillback_penalty_total": 0.0,
    "signal_switch_count": 1738,
    "total_reward": 1544674.1749999765
  }
}