{
  "generation": 1,
  "best_idx": 0,
  "best_fitness": 648.6196629137861,
  "all_fitness": [
    648.6196629137861,
    535.261343404488
  ]
}