{
  "generation": 8,
  "best_idx": 18,
  "best_fitness": 189856.50000000052,
  "all_fitness": [
    83097.17499999976,
    142291.10000000003,
    160180.25000000015,
    160734.57499999992,
    93463.44999999968,
    120835.44999999975,
    133737.69999999984,
    164136.70000000054,
    158030.25000000023,
    131379.94999999975,
    124318.04999999987,
    114869.87499999971,
    111866.54999999935,
    102444.99999999987,
    128150.34999999983,
    159810.97499999971,
    167043.87500000035,
    171510.0749999998,
    189856.50000000052,
    120176.07499999956
  ],
  "best_individual_metrics": {
    "completed_orders": 13,
    "total_orders": 58,
    "completion_rate": 0.22413793103448276,
    "avg_order_processing_time": 213.46153846153845,
    "total_completion_time": 2775,
    "execution_time_seconds": 173.37689089775085,
    "avg_wait_time": 31.0,
    "max_wait_time": 31,
    "total_wait_time": 1054.0,
    "evaluation_ticks": 1314,
    "total_energy_consumed": 1026.8488415720055,
    "energy_per_order": 78.9883724286158,
    "robot_utilization": 0.8162222222222129,
    "total_stop_go_events": 913,
    "avg_traffic_rate": 0.028366041130688687,
    "avg_intersection_congestion": 1.1,
    "max_intersection_congestion": 2,
    "spillback_penalty_total": 0.0,
    "signal_switch_count": 621,
    "total_reward": 189856.50000000052
  }
}