{
  "generation": 30,
  "best_idx": 19,
  "best_fitness": 1369676.5249999878,
  "all_fitness": [
    1364792.4999999844,
    1259339.3749999863,
    1185230.9499999904,
    821118.2499999937,
    959812.5249999927,
    1115376.4999999919,
    1067868.3249999897,
    1161376.374999991,
    977719.9249999914,
    1268181.5249999901,
    1140902.7249999892,
    1069312.8249999895,
    1134959.4999999937,
    1254311.6999999837,
    1016659.7999999933,
    1134879.374999988,
    1205910.0999999903,
    1205828.549999988,
    1051341.1749999914,
    1369676.5249999878
  ],
  "best_individual_metrics": {
    "completed_orders": 42,
    "total_orders": 80,
    "completion_rate": 0.525,
    "avg_order_processing_time": 710.2857142857143,
    "total_completion_time": 29832,
    "execution_time_seconds": 456.4435737133026,
    "avg_wait_time": 31.0,
    "max_wait_time": 31,
    "total_wait_time": 1736.0,
    "evaluation_ticks": 3545,
    "total_energy_consumed": 2140.6977514093346,
    "energy_per_order": 50.968994081174635,
    "robot_utilization": 0.9245416666666667,
    "total_stop_go_events": 2492,
    "avg_traffic_rate": 0.022420983332611583,
    "avg_intersection_congestion": 1.4444444444444444,
    "max_intersection_congestion": 4,
    "spillback_penalty_total": 0.0,
    "signal_switch_count": 1610,
    "total_reward": 1369676.5249999878
  }
}