{
  "generation": 13,
  "best_idx": 15,
  "best_fitness": 1638108.3499999817,
  "all_fitness": [
    975042.6249999909,
    1000034.4499999908,
    1013154.5499999924,
    918676.1499999913,
    1143940.9499999895,
    1164986.7499999895,
    1258583.5999999908,
    1169713.1499999915,
    -1000000000.0,
    1049774.7749999925,
    1281943.3249999837,
    1192143.6749999872,
    1403460.1749999877,
    1357185.6999999916,
    1318952.7999999926,
    1638108.3499999817,
    907926.0499999997,
    1301982.6999999876,
    1626159.3499999787,
    1240888.1249999895
  ],
  "best_individual_metrics": {
    "completed_orders": 44,
    "total_orders": 80,
    "completion_rate": 0.55,
    "avg_order_processing_time": 688.6818181818181,
    "total_completion_time": 30302,
    "execution_time_seconds": 463.83959221839905,
    "avg_wait_time": 31.0,
    "max_wait_time": 31,
    "total_wait_time": 1736.0,
    "evaluation_ticks": 3442,
    "total_energy_consumed": 2871.5807813683464,
    "energy_per_order": 65.26319957655333,
    "robot_utilization": 0.921083333333333,
    "total_stop_go_events": 2664,
    "avg_traffic_rate": 0.024922732101092665,
    "avg_intersection_congestion": 1.2142857142857142,
    "max_intersection_congestion": 2,
    "spillback_penalty_total": 0.0,
    "signal_switch_count": 1918,
    "total_reward": 1638108.3499999817
  }
}