{
  "generation": 3,
  "best_idx": 9,
  "best_fitness": 131267.2499999996,
  "all_fitness": [
    66494.39999999989,
    99691.52499999985,
    122188.6749999998,
    130838.64999999994,
    91176.74999999983,
    83430.64999999995,
    108651.04999999974,
    81544.00000000001,
    81385.39999999973,
    131267.2499999996,
    127251.92499999957,
    95732.54999999971,
    118299.4499999998,
    115472.29999999983,
    119236.97499999977,
    95791.87499999983,
    87792.22499999985,
    104121.40000000004,
    130883.44999999997,
    102035.32499999974
  ],
  "best_individual_metrics": {
    "completed_orders": 12,
    "total_orders": 58,
    "completion_rate": 0.20689655172413793,
    "avg_order_processing_time": 338.1666666666667,
    "total_completion_time": 4058,
    "execution_time_seconds": 159.82213950157166,
    "avg_wait_time": 29.655172413793103,
    "max_wait_time": 31,
    "total_wait_time": 860.0,
    "evaluation_ticks": 1120,
    "total_energy_consumed": 1665.7926495371867,
    "energy_per_order": 138.8160541280989,
    "robot_utilization": 0.8355555555555474,
    "total_stop_go_events": 829,
    "avg_traffic_rate": 0.020705396572788484,
    "avg_intersection_congestion": 1.3333333333333333,
    "max_intersection_congestion": 2,
    "spillback_penalty_total": 0.0,
    "signal_switch_count": 442,
    "total_reward": 131267.2499999996
  }
}