{
  "generation": 5,
  "best_idx": 10,
  "best_fitness": 4.523196727604885,
  "all_fitness": [
    4.306783455191104,
    3.3225716236159637,
    3.3396263685485583,
    3.4763230475459803,
    3.389054797207161,
    2.7219201913837243,
    3.613707248358282,
    3.270837463475436,
    3.3225491655948285,
    4.135791519174613,
    4.523196727604885,
    3.3870437429515006,
    3.877895718429347,
    2.140329681421516,
    3.547177545271377,
    3.0812940740199113,
    3.9299633817842605,
    3.387932970982101,
    3.9585221815114164,
    4.354985198292382
  ],
  "best_individual_metrics": {
    "completed_orders": 43,
    "total_orders": 80,
    "completion_rate": 0.5375,
    "avg_order_processing_time": 629.0232558139535,
    "total_completion_time": 27048,
    "execution_time_seconds": 525.113828420639,
    "avg_wait_time": 31.0,
    "max_wait_time": 31,
    "total_wait_time": 1612.0,
    "evaluation_ticks": 3193,
    "total_energy_consumed": 1781.0182462627497,
    "energy_per_order": 41.41902898285464,
    "robot_utilization": 0.9335416666666664,
    "total_stop_go_events": 2473,
    "avg_traffic_rate": 0.02344122248263018,
    "avg_intersection_congestion": 1.5555555555555556,
    "max_intersection_congestion": 4,
    "spillback_penalty_total": 10835.0,
    "signal_switch_count": 1944,
    "total_reward": 0.0
  }
}