{
  "generation": 14,
  "best_idx": 8,
  "best_fitness": 1449453.224999987,
  "all_fitness": [
    1201560.2499999881,
    1191292.874999988,
    1212876.1499999913,
    1278357.624999988,
    1051754.2499999898,
    1149112.0999999878,
    1354281.5999999817,
    -1000000000.0,
    1449453.224999987,
    -1000000000.0,
    1331977.4499999913,
    1254973.3999999994,
    1162208.5499999907,
    -1000000000.0,
    -1000000000.0,
    1077036.2249999898,
    1298810.999999985,
    1445478.4999999846,
    1350016.6749999905,
    1309482.0249999815
  ],
  "best_individual_metrics": {
    "completed_orders": 46,
    "total_orders": 80,
    "completion_rate": 0.575,
    "avg_order_processing_time": 640.0434782608696,
    "total_completion_time": 29442,
    "execution_time_seconds": 513.7322545051575,
    "avg_wait_time": 30.93220338983051,
    "max_wait_time": 31,
    "total_wait_time": 1825.0,
    "evaluation_ticks": 3419,
    "total_energy_consumed": 1644.8364218029483,
    "energy_per_order": 35.757313517455394,
    "robot_utilization": 0.9201249999999999,
    "total_stop_go_events": 2645,
    "avg_traffic_rate": 0.02699629409113827,
    "avg_intersection_congestion": 1.1111111111111112,
    "max_intersection_congestion": 2,
    "spillback_penalty_total": 0.0,
    "signal_switch_count": 1999,
    "total_reward": 1449453.224999987
  }
}