{
  "generation": 4,
  "best_idx": 19,
  "best_fitness": 1361307.1499999892,
  "all_fitness": [
    793331.8499999976,
    1293285.4749999861,
    1023218.8249999931,
    1149023.724999989,
    998710.4999999966,
    997213.1249999888,
    1029261.774999995,
    985542.9499999938,
    1065445.899999991,
    1197014.5749999958,
    1182279.4249999926,
    1179533.774999988,
    1098541.8999999943,
    931478.1249999913,
    859016.2999999935,
    1169670.3499999922,
    1148793.8249999855,
    1060609.0749999937,
    1045367.7249999886,
    1361307.1499999892
  ],
  "best_individual_metrics": {
    "completed_orders": 46,
    "total_orders": 80,
    "completion_rate": 0.575,
    "avg_order_processing_time": 633.5217391304348,
    "total_completion_time": 29142,
    "execution_time_seconds": 465.6582553386688,
    "avg_wait_time": 30.74137931034483,
    "max_wait_time": 31,
    "total_wait_time": 1783.0,
    "evaluation_ticks": 2746,
    "total_energy_consumed": 3398.08400190851,
    "energy_per_order": 73.87139134583717,
    "robot_utilization": 0.9084166666666664,
    "total_stop_go_events": 2784,
    "avg_traffic_rate": 0.026855311929836954,
    "avg_intersection_congestion": 2.0,
    "max_intersection_congestion": 3,
    "spillback_penalty_total": 0.0,
    "signal_switch_count": 2102,
    "total_reward": 1361307.1499999892
  }
}