{
  "generation": 6,
  "best_idx": 1,
  "best_fitness": -1909.8029496843194,
  "all_fitness": [
    -5171.431710810287,
    -1909.8029496843194,
    -4708.600622365953,
    -3255.7109314256872,
    -4739.5607993930025,
    -3833.648983341369,
    -4651.110973328774,
    -3767.469113467268,
    -4366.560432153057,
    -2628.002342099443
  ]
}