{
  "generation": 22,
  "best_idx": 17,
  "best_fitness": 2.6288606499876597,
  "all_fitness": [
    1.6267702820640404,
    2.167561724345462,
    1.7148208170374168,
    2.5472941743373623,
    2.3195817113443074,
    1.768145144708648,
    1.6310336191662527,
    1.9690202767564167,
    1.7645070592063363,
    1.9210517701247671,
    1.244472718337756,
    1.6120402220169432,
    1.6858614997117676,
    1.7006730504047896,
    1.3724876957615058,
    1.9956628783177366,
    2.294878400547496,
    2.6288606499876597,
    2.526176075751201,
    2.0761441431967276
  ],
  "best_individual_metrics": {
    "completed_orders": 15,
    "total_orders": 58,
    "completion_rate": 0.25862068965517243,
    "avg_order_processing_time": 321.3333333333333,
    "total_completion_time": 4820,
    "execution_time_seconds": 176.97732853889465,
    "avg_wait_time": 30.025,
    "max_wait_time": 31,
    "total_wait_time": 1201.0,
    "evaluation_ticks": 805,
    "total_energy_consumed": 1297.8783053875993,
    "energy_per_order": 86.52522035917329,
    "robot_utilization": 0.760888888888877,
    "total_stop_go_events": 952,
    "avg_traffic_rate": 0.028080277020405876,
    "avg_intersection_congestion": 1.3333333333333333,
    "max_intersection_congestion": 2,
    "spillback_penalty_total": 8282.0,
    "signal_switch_count": 722,
    "total_reward": 0.0
  }
}