{
  "generation": 4,
  "best_idx": 7,
  "best_fitness": -1980.4076219772187,
  "all_fitness": [
    -6805.242815985894,
    -5241.179263917407,
    -3185.66202166243,
    -3503.6560288076735,
    -4830.177794541007,
    -5980.597006380656,
    -5610.632117373798,
    -1980.4076219772187,
    -7966.29997535132,
    -9029.959320262504
  ]
}