{
  "generation": 20,
  "best_idx": 11,
  "best_fitness": 1768999.3499999784,
  "all_fitness": [
    1145463.2749999934,
    882180.8999999925,
    1492368.2749999778,
    1644549.749999976,
    1283602.9499999897,
    1313697.3749999828,
    1174989.2749999894,
    1216351.2249999905,
    1190745.6999999888,
    1259080.0999999915,
    1178910.6499999936,
    1768999.3499999784,
    -1000000000.0,
    1366982.1749999835,
    -1000000000.0,
    1509603.6749999924,
    1109404.0749999925,
    1480645.0499999903,
    1356815.1999999902,
    1212624.8749999895
  ],
  "best_individual_metrics": {
    "completed_orders": 46,
    "total_orders": 80,
    "completion_rate": 0.575,
    "avg_order_processing_time": 649.7391304347826,
    "total_completion_time": 29888,
    "execution_time_seconds": 522.2032086849213,
    "avg_wait_time": 30.64179104477612,
    "max_wait_time": 31,
    "total_wait_time": 2053.0,
    "evaluation_ticks": 3856,
    "total_energy_consumed": 1317.640601892185,
    "energy_per_order": 28.644360910699675,
    "robot_utilization": 0.9243750000000001,
    "total_stop_go_events": 2643,
    "avg_traffic_rate": 0.026978630054105633,
    "avg_intersection_congestion": 1.3636363636363635,
    "max_intersection_congestion": 3,
    "spillback_penalty_total": 0.0,
    "signal_switch_count": 2036,
    "total_reward": 1768999.3499999784
  }
}