{
  "generation": 15,
  "best_idx": 10,
  "best_fitness": 4.394790654988469,
  "all_fitness": [
    3.4087399413526493,
    3.955017589751552,
    2.515555441703192,
    3.615230253778782,
    3.332343632799248,
    -1000000000.0,
    3.0224836130356634,
    3.3697238684587143,
    3.4075122928028625,
    2.657101397419135,
    4.394790654988469,
    3.7736040491179144,
    4.228886098339225,
    3.1585597609522145,
    3.2055385931641527,
    3.404859046170866,
    3.4213741722462085,
    4.374552227003346,
    3.4750096502584094,
    3.7245661725320076
  ],
  "best_individual_metrics": {
    "completed_orders": 42,
    "total_orders": 80,
    "completion_rate": 0.525,
    "avg_order_processing_time": 645.8809523809524,
    "total_completion_time": 27127,
    "execution_time_seconds": 513.111165523529,
    "avg_wait_time": 31.0,
    "max_wait_time": 31,
    "total_wait_time": 2325.0,
    "evaluation_ticks": 3319,
    "total_energy_consumed": 1975.3840272340838,
    "energy_per_order": 47.032953029382945,
    "robot_utilization": 0.9393333333333331,
    "total_stop_go_events": 2462,
    "avg_traffic_rate": 0.02648114432960051,
    "avg_intersection_congestion": 1.2222222222222223,
    "max_intersection_congestion": 2,
    "spillback_penalty_total": 10916.0,
    "signal_switch_count": 1922,
    "total_reward": 0.0
  }
}