{
  "generation": 10,
  "best_idx": 12,
  "best_fitness": 1354610.8999999843,
  "all_fitness": [
    896738.2999999915,
    1310645.1999999934,
    954368.7249999918,
    1188032.1999999918,
    1320158.574999989,
    1262798.8499999908,
    1155726.2749999918,
    1059232.2749999904,
    1127407.849999989,
    916881.6999999942,
    1048523.999999995,
    1166839.3749999893,
    1354610.8999999843,
    1187515.9499999974,
    1290512.9249999886,
    1165587.6249999877,
    876399.0749999938,
    1211872.849999989,
    1223094.2499999928,
    1021291.749999995
  ],
  "best_individual_metrics": {
    "completed_orders": 46,
    "total_orders": 80,
    "completion_rate": 0.575,
    "avg_order_processing_time": 709.3478260869565,
    "total_completion_time": 32630,
    "execution_time_seconds": 528.4801802635193,
    "avg_wait_time": 30.78723404255319,
    "max_wait_time": 31,
    "total_wait_time": 1447.0,
    "evaluation_ticks": 3363,
    "total_energy_consumed": 2523.345043155801,
    "energy_per_order": 54.8553270251261,
    "robot_utilization": 0.9220833333333329,
    "total_stop_go_events": 2386,
    "avg_traffic_rate": 0.023256733947215048,
    "avg_intersection_congestion": 1.1818181818181819,
    "max_intersection_congestion": 3,
    "spillback_penalty_total": 0.0,
    "signal_switch_count": 1691,
    "total_reward": 1354610.8999999843
  }
}