{
  "generation": 10,
  "best_idx": 0,
  "best_fitness": -2198.4376525211633,
  "all_fitness": [
    -2198.4376525211633,
    -4558.35395006579,
    -3227.3604045149777,
    -6485.324315704341,
    -4567.272823003124,
    -5692.958751004119,
    -6968.177318016131,
    -3330.7060012189695,
    -7191.387836248474,
    -2966.5734546226545
  ]
}