{
  "generation": 26,
  "best_idx": 9,
  "best_fitness": 3.6324383335635733,
  "all_fitness": [
    2.773735055769151,
    2.4398162691697545,
    2.5942345638553497,
    2.1261932263289176,
    2.268301982208205,
    -1000000000.0,
    2.3360513834485896,
    2.427414320922829,
    2.616260675221811,
    3.6324383335635733,
    2.9906890541087234,
    2.8730351053095267,
    2.6443703805311234,
    3.0916319170477533,
    3.170302167448487,
    2.6942830844338417,
    2.6856881097559806,
    2.4189493306305416,
    3.2993427045215618,
    3.366032071582445
  ],
  "best_individual_metrics": {
    "completed_orders": 38,
    "total_orders": 48,
    "completion_rate": 0.7916666666666666,
    "avg_order_processing_time": 281.3157894736842,
    "total_completion_time": 10690,
    "execution_time_seconds": 479.90352034568787,
    "avg_wait_time": 31.0,
    "max_wait_time": 31,
    "total_wait_time": 1984.0,
    "evaluation_ticks": 3244,
    "total_energy_consumed": 2435.850474704292,
    "energy_per_order": 64.10132828169189,
    "robot_utilization": 0.8864166666666662,
    "total_stop_go_events": 2364,
    "avg_traffic_rate": 0.021916507826312312,
    "avg_intersection_congestion": 1.25,
    "max_intersection_congestion": 2,
    "spillback_penalty_total": 12679.0,
    "signal_switch_count": 1820,
    "total_reward": 0.0
  }
}