{
  "generation": 16,
  "best_idx": 14,
  "best_fitness": 2.359678416274476,
  "all_fitness": [
    1.170895615022496,
    1.7865028453584135,
    2.0923398818337944,
    1.785151381708391,
    1.3637288059342534,
    1.927955940243763,
    1.061035170162262,
    2.3402445168255,
    1.7892905668178891,
    1.2665824487988202,
    1.896455541231299,
    -1000000000.0,
    1.4172291857095263,
    1.7002088446068202,
    2.359678416274476,
    1.5491199995847456,
    1.6568586558144107,
    1.9349454940194777,
    1.5247250086233288,
    2.1447171275278154
  ],
  "best_individual_metrics": {
    "completed_orders": 18,
    "total_orders": 58,
    "completion_rate": 0.3103448275862069,
    "avg_order_processing_time": 326.3888888888889,
    "total_completion_time": 5875,
    "execution_time_seconds": 174.2356824874878,
    "avg_wait_time": 31.0,
    "max_wait_time": 31,
    "total_wait_time": 1054.0,
    "evaluation_ticks": 1043,
    "total_energy_consumed": 1533.1616923503786,
    "energy_per_order": 85.17564957502104,
    "robot_utilization": 0.8063333333333237,
    "total_stop_go_events": 860,
    "avg_traffic_rate": 0.022317132836404737,
    "avg_intersection_congestion": 1.125,
    "max_intersection_congestion": 2,
    "spillback_penalty_total": 12103.0,
    "signal_switch_count": 626,
    "total_reward": 0.0
  }
}