{
  "generation": 3,
  "best_idx": 2,
  "best_fitness": -2555.221721916187,
  "all_fitness": [
    -3625.6324337178257,
    -3691.199088810311,
    -2555.221721916187,
    -4756.049990501406,
    -3023.3082537975333,
    -1000000000.0,
    -6756.906965976336,
    -4312.834518424125,
    -7262.710177141597,
    -6717.847106290936
  ]
}