{
  "generation": 11,
  "best_idx": 11,
  "best_fitness": 1511973.6999999874,
  "all_fitness": [
    1418735.2999999889,
    1157863.4999999898,
    861506.849999997,
    1103337.9999999942,
    1012744.5249999934,
    1450176.6249999932,
    1160361.6749999914,
    1112874.8249999955,
    1231643.9749999929,
    1465689.6999999848,
    -1000000000.0,
    1511973.6999999874,
    924612.5249999951,
    1469901.9999999793,
    989221.9749999924,
    1374204.5249999834,
    1413508.4249999821,
    1102537.8499999933,
    1115037.0749999937,
    1363884.8999999799
  ],
  "best_individual_metrics": {
    "completed_orders": 44,
    "total_orders": 80,
    "completion_rate": 0.55,
    "avg_order_processing_time": 642.8636363636364,
    "total_completion_time": 28286,
    "execution_time_seconds": 366.3305313587189,
    "avg_wait_time": 31.0,
    "max_wait_time": 31,
    "total_wait_time": 2139.0,
    "evaluation_ticks": 3922,
    "total_energy_consumed": 1378.207361887218,
    "energy_per_order": 31.322894588345864,
    "robot_utilization": 0.9359166666666663,
    "total_stop_go_events": 2407,
    "avg_traffic_rate": 0.024025369821189427,
    "avg_intersection_congestion": 1.3,
    "max_intersection_congestion": 2,
    "spillback_penalty_total": 0.0,
    "signal_switch_count": 1838,
    "total_reward": 1511973.6999999874
  }
}