{
  "generation": 17,
  "best_idx": 4,
  "best_fitness": 175885.65000000066,
  "all_fitness": [
    113742.72499999966,
    77166.84999999976,
    113096.02499999972,
    175006.0250000009,
    175885.65000000066,
    106823.27499999989,
    101362.69999999959,
    119030.42499999983,
    133458.59999999974,
    127819.74999999978,
    103896.12500000003,
    119040.64999999986,
    83501.0999999997,
    119793.64999999998,
    111215.3249999999,
    127877.82499999978,
    104514.57499999958,
    171286.27500000046,
    113888.1999999998,
    149739.25000000038
  ],
  "best_individual_metrics": {
    "completed_orders": 14,
    "total_orders": 58,
    "completion_rate": 0.2413793103448276,
    "avg_order_processing_time": 257.7142857142857,
    "total_completion_time": 3608,
    "execution_time_seconds": 183.42709946632385,
    "avg_wait_time": 31.0,
    "max_wait_time": 31,
    "total_wait_time": 1271.0,
    "evaluation_ticks": 1311,
    "total_energy_consumed": 1131.54666874443,
    "energy_per_order": 80.82476205317357,
    "robot_utilization": 0.7714444444444329,
    "total_stop_go_events": 937,
    "avg_traffic_rate": 0.025864316189782327,
    "avg_intersection_congestion": 1.25,
    "max_intersection_congestion": 2,
    "spillback_penalty_total": 0.0,
    "signal_switch_count": 637,
    "total_reward": 175885.65000000066
  }
}