{
  "generation": 5,
  "best_idx": 7,
  "best_fitness": 1679232.624999979,
  "all_fitness": [
    1415880.8999999787,
    1169652.7999999872,
    1126842.8249999918,
    1590142.1999999813,
    1101049.874999991,
    1278510.3499999829,
    1226757.424999991,
    1679232.624999979,
    795418.6999999956,
    1223599.0999999861,
    1367961.9749999908,
    1228025.3249999867,
    1074747.2249999896,
    1407783.974999986,
    1338882.124999982,
    1277627.5749999862,
    1119335.624999993,
    951482.2499999955,
    1015206.5749999924,
    1451949.8499999817
  ],
  "best_individual_metrics": {
    "completed_orders": 43,
    "total_orders": 80,
    "completion_rate": 0.5375,
    "avg_order_processing_time": 671.3023255813954,
    "total_completion_time": 28866,
    "execution_time_seconds": 531.9766497612,
    "avg_wait_time": 30.428571428571427,
    "max_wait_time": 31,
    "total_wait_time": 2130.0,
    "evaluation_ticks": 3780,
    "total_energy_consumed": 1173.6094724399093,
    "energy_per_order": 27.29324354511417,
    "robot_utilization": 0.9163749999999998,
    "total_stop_go_events": 2468,
    "avg_traffic_rate": 0.024875174334085048,
    "avg_intersection_congestion": 1.4,
    "max_intersection_congestion": 3,
    "spillback_penalty_total": 0.0,
    "signal_switch_count": 1941,
    "total_reward": 1679232.624999979
  }
}