{
  "generation": 30,
  "best_idx": 7,
  "best_fitness": 4.821974386144199,
  "all_fitness": [
    4.661364003802834,
    3.6305658956536164,
    3.6495984779885027,
    4.2379314881051116,
    3.307536592728138,
    3.053841733340116,
    4.812252950317916,
    4.821974386144199,
    4.486580472937688,
    3.3971213565738276,
    3.560983015651892,
    3.255904665808886,
    4.119053422029196,
    3.054757965468976,
    4.503131564585287,
    3.963268129610871,
    3.6028424641832455,
    2.968309514189781,
    3.326079322149672,
    3.425264085392149
  ],
  "best_individual_metrics": {
    "completed_orders": 44,
    "total_orders": 80,
    "completion_rate": 0.55,
    "avg_order_processing_time": 665.5909090909091,
    "total_completion_time": 29286,
    "execution_time_seconds": 482.4141972064972,
    "avg_wait_time": 30.93220338983051,
    "max_wait_time": 31,
    "total_wait_time": 1825.0,
    "evaluation_ticks": 3531,
    "total_energy_consumed": 1547.8585631762114,
    "energy_per_order": 35.17860370855026,
    "robot_utilization": 0.9409583333333332,
    "total_stop_go_events": 2450,
    "avg_traffic_rate": 0.02447777733510622,
    "avg_intersection_congestion": 1.3333333333333333,
    "max_intersection_congestion": 4,
    "spillback_penalty_total": 10095.0,
    "signal_switch_count": 1903,
    "total_reward": 0.0
  }
}