{
  "generation": 5,
  "best_idx": 1,
  "best_fitness": 1610343.0249999817,
  "all_fitness": [
    1249575.8249999965,
    1610343.0249999817,
    1376708.5999999929,
    942074.5249999958,
    894563.0999999918,
    1086900.2749999932,
    903641.1999999962,
    841840.4749999916,
    1069717.7749999925,
    1440595.9499999918,
    1054974.2749999936,
    682708.8999999977,
    -1000000000.0,
    808017.5999999952,
    -1000000000.0,
    944244.8749999923,
    1010988.7499999928,
    1040463.2249999897,
    883597.199999994,
    1036870.0249999926
  ],
  "best_individual_metrics": {
    "completed_orders": 43,
    "total_orders": 80,
    "completion_rate": 0.5375,
    "avg_order_processing_time": 613.9069767441861,
    "total_completion_time": 26398,
    "execution_time_seconds": 529.5934820175171,
    "avg_wait_time": 30.482758620689655,
    "max_wait_time": 31,
    "total_wait_time": 1768.0,
    "evaluation_ticks": 3832,
    "total_energy_consumed": 1503.4381338966373,
    "energy_per_order": 34.963677532479934,
    "robot_utilization": 0.9247916666666667,
    "total_stop_go_events": 2466,
    "avg_traffic_rate": 0.024309726655837888,
    "avg_intersection_congestion": 1.25,
    "max_intersection_congestion": 2,
    "spillback_penalty_total": 0.0,
    "signal_switch_count": 1769,
    "total_reward": 1610343.0249999817
  }
}