{
  "generation": 15,
  "best_idx": 1,
  "best_fitness": 1393681.6499999869,
  "all_fitness": [
    1049693.7249999894,
    1393681.6499999869,
    -1000000000.0,
    1251491.3999999962,
    1038822.9999999889,
    991123.2999999922,
    1143945.2999999893,
    987109.8249999896,
    1311332.4999999767,
    1231915.9999999914,
    -1000000000.0,
    906812.2999999948,
    1020494.7749999953,
    1219851.14999999,
    1229756.5749999885,
    1124915.8749999919,
    1065389.374999994,
    904295.7499999955,
    1081993.5249999953,
    935472.999999996
  ],
  "best_individual_metrics": {
    "completed_orders": 42,
    "total_orders": 80,
    "completion_rate": 0.525,
    "avg_order_processing_time": 723.5714285714286,
    "total_completion_time": 30390,
    "execution_time_seconds": 483.819730758667,
    "avg_wait_time": 30.59016393442623,
    "max_wait_time": 31,
    "total_wait_time": 1866.0,
    "evaluation_ticks": 3517,
    "total_energy_consumed": 2787.4259757346554,
    "energy_per_order": 66.36728513653941,
    "robot_utilization": 0.9395833333333332,
    "total_stop_go_events": 2488,
    "avg_traffic_rate": 0.022682088831916827,
    "avg_intersection_congestion": 1.2,
    "max_intersection_congestion": 2,
    "spillback_penalty_total": 0.0,
    "signal_switch_count": 1718,
    "total_reward": 1393681.6499999869
  }
}