{
  "generation": 11,
  "best_idx": 8,
  "best_fitness": 3.0267489769042046,
  "all_fitness": [
    1.863434596906104,
    -1000000000.0,
    1.6109219008966282,
    2.1708449160973124,
    2.5770699032265774,
    2.8412051735256663,
    0.8824558007389195,
    2.3128911734008146,
    3.0267489769042046,
    2.098729182356783,
    1.5823569513541649,
    1.4954486155198687,
    1.646935731051194,
    1.7489496149478287,
    1.1581943754365769,
    1.672562570338622,
    1.7557038644085743,
    2.169321484215263,
    2.4905334724958,
    1.543486759656389
  ],
  "best_individual_metrics": {
    "completed_orders": 18,
    "total_orders": 25,
    "completion_rate": 0.72,
    "avg_order_processing_time": 317.72222222222223,
    "total_completion_time": 5719.0,
    "execution_time_seconds": 170.0374140739441,
    "avg_wait_time": 31.0,
    "max_wait_time": 31,
    "total_wait_time": 775.0,
    "evaluation_ticks": 1284,
    "total_energy_consumed": 959.4966164446998,
    "energy_per_order": 53.305367580261105,
    "robot_utilization": 0.768333333333322,
    "total_stop_go_events": 904,
    "avg_traffic_rate": 0.024580592621666474,
    "avg_intersection_congestion": 1.2222222222222223,
    "max_intersection_congestion": 2,
    "spillback_penalty_total": 8798.0,
    "signal_switch_count": 642,
    "total_reward": 0.0
  }
}