{
  "generation": 22,
  "best_idx": 0,
  "best_fitness": 4.956209768347802,
  "all_fitness": [
    4.956209768347802,
    2.7280220654143656,
    2.972205970384038,
    3.3320194501538856,
    3.6102871549786713,
    3.0848735635834954,
    3.6466178015210544,
    3.7513832166388617,
    2.9559376195026568,
    3.980176368768217,
    3.868260133838311,
    3.043913553175056,
    3.503071658952326,
    3.894469713948471,
    4.327677580794211,
    4.682959321305225,
    2.8610942597757525,
    3.2691068252645485,
    3.2766632181204263,
    4.067062707958704
  ],
  "best_individual_metrics": {
    "completed_orders": 42,
    "total_orders": 80,
    "completion_rate": 0.525,
    "avg_order_processing_time": 645.8333333333334,
    "total_completion_time": 27125,
    "execution_time_seconds": 506.75933027267456,
    "avg_wait_time": 31.0,
    "max_wait_time": 31,
    "total_wait_time": 2077.0,
    "evaluation_ticks": 3405,
    "total_energy_consumed": 1564.3517053961787,
    "energy_per_order": 37.246469176099495,
    "robot_utilization": 0.9160416666666666,
    "total_stop_go_events": 2463,
    "avg_traffic_rate": 0.023268172219229354,
    "avg_intersection_congestion": 1.1666666666666667,
    "max_intersection_congestion": 2,
    "spillback_penalty_total": 8792.0,
    "signal_switch_count": 1849,
    "total_reward": 0.0
  }
}