{
  "generation": 2,
  "best_idx": 1,
  "best_fitness": 1413343.249999986,
  "all_fitness": [
    1238395.2249999896,
    1413343.249999986,
    966655.2999999949,
    954989.1249999924,
    1101348.0749999918,
    1052493.9499999895,
    1025321.5499999917,
    1015768.4999999916,
    997777.2999999957,
    1188647.1499999943,
    754167.4249999971,
    1094548.374999994,
    1351409.6999999906,
    992197.8749999936,
    789703.9749999963,
    1356065.549999993,
    891338.6749999943,
    1032896.2249999889,
    924028.2999999938,
    1247533.9749999887
  ],
  "best_individual_metrics": {
    "completed_orders": 45,
    "total_orders": 80,
    "completion_rate": 0.5625,
    "avg_order_processing_time": 644.8,
    "total_completion_time": 29016,
    "execution_time_seconds": 541.9783124923706,
    "avg_wait_time": 30.452830188679247,
    "max_wait_time": 31,
    "total_wait_time": 1614.0,
    "evaluation_ticks": 3247,
    "total_energy_consumed": 2507.5769498167188,
    "energy_per_order": 55.72393221814931,
    "robot_utilization": 0.9533333333333334,
    "total_stop_go_events": 2678,
    "avg_traffic_rate": 0.02670239167594714,
    "avg_intersection_congestion": 2.142857142857143,
    "max_intersection_congestion": 4,
    "spillback_penalty_total": 0.0,
    "signal_switch_count": 2086,
    "total_reward": 1413343.249999986
  }
}