{
  "generation": 8,
  "best_idx": 3,
  "best_fitness": 3.1250576752685992,
  "all_fitness": [
    1.5367901717183068,
    1.5436946429970986,
    2.5647646025028554,
    3.1250576752685992,
    2.5662157371676964,
    1.288062594060006,
    2.433660691953507,
    2.8142030139268606,
    1.6723959606370782,
    0.979131101114411,
    1.6826339562194592,
    2.146693426867377,
    1.6331601327917993,
    1.7630686294576683,
    2.5245142623866115,
    2.1406934365408574,
    2.332291270819451,
    2.246353545884615,
    2.0242553188900665,
    1.4397455653841549
  ],
  "best_individual_metrics": {
    "completed_orders": 19,
    "total_orders": 24,
    "completion_rate": 0.7916666666666666,
    "avg_order_processing_time": 282.42105263157896,
    "total_completion_time": 5366.0,
    "execution_time_seconds": 170.90911769866943,
    "avg_wait_time": 31.0,
    "max_wait_time": 31,
    "total_wait_time": 868.0,
    "evaluation_ticks": 983,
    "total_energy_consumed": 997.7556813677396,
    "energy_per_order": 52.513456914091556,
    "robot_utilization": 0.6303333333333149,
    "total_stop_go_events": 866,
    "avg_traffic_rate": 0.021821977074817256,
    "avg_intersection_congestion": 1.3333333333333333,
    "max_intersection_congestion": 3,
    "spillback_penalty_total": 9060.0,
    "signal_switch_count": 613,
    "total_reward": 0.0
  }
}