{
  "generation": 3,
  "best_idx": 3,
  "best_fitness": 2.6801401339433135,
  "all_fitness": [
    1.7095327883074765,
    2.087680127257464,
    1.6571810865435046,
    2.6801401339433135,
    1.5561276736033287,
    1.88902510150189,
    1.6624544037731812,
    1.7063347067501295,
    1.9670645356102396,
    1.3644062847906346,
    -1000000000.0,
    -1000000000.0,
    1.6761442528026727,
    1.954808827499773,
    1.9319797733801707,
    -1000000000.0,
    1.6834347711744078,
    2.505060767178199,
    1.7643866134456319,
    1.8727503280861533
  ],
  "best_individual_metrics": {
    "completed_orders": 17,
    "total_orders": 26,
    "completion_rate": 0.6538461538461539,
    "avg_order_processing_time": 224.11764705882354,
    "total_completion_time": 3810.0,
    "execution_time_seconds": 163.23761749267578,
    "avg_wait_time": 31.0,
    "max_wait_time": 31,
    "total_wait_time": 1085.0,
    "evaluation_ticks": 1079,
    "total_energy_consumed": 1099.0382368331445,
    "energy_per_order": 64.6493080490085,
    "robot_utilization": 0.7747777777777665,
    "total_stop_go_events": 949,
    "avg_traffic_rate": 0.02598936010706031,
    "avg_intersection_congestion": 1.25,
    "max_intersection_congestion": 2,
    "spillback_penalty_total": 9576.0,
    "signal_switch_count": 654,
    "total_reward": 0.0
  }
}