{
  "generation": 16,
  "best_idx": 4,
  "best_fitness": 1373686.9249999851,
  "all_fitness": [
    1028483.1249999936,
    -1000000000.0,
    1058223.749999986,
    1246564.9499999925,
    1373686.9249999851,
    1009953.9749999916,
    988130.2749999942,
    982867.8499999907,
    977247.1249999924,
    1080485.9499999874,
    1054514.7999999905,
    1229050.9499999906,
    1315258.6999999904,
    1148556.899999986,
    1318081.0749999848,
    1180306.1999999902,
    969917.0249999936,
    987091.9499999916,
    1070766.7499999867,
    1017241.6499999895
  ],
  "best_individual_metrics": {
    "completed_orders": 43,
    "total_orders": 80,
    "completion_rate": 0.5375,
    "avg_order_processing_time": 682.3953488372093,
    "total_completion_time": 29343,
    "execution_time_seconds": 508.51509714126587,
    "avg_wait_time": 31.0,
    "max_wait_time": 31,
    "total_wait_time": 1705.0,
    "evaluation_ticks": 3403,
    "total_energy_consumed": 2076.7410340624906,
    "energy_per_order": 48.29630311773234,
    "robot_utilization": 0.8990833333333329,
    "total_stop_go_events": 2543,
    "avg_traffic_rate": 0.024233508564210873,
    "avg_intersection_congestion": 1.125,
    "max_intersection_congestion": 2,
    "spillback_penalty_total": 0.0,
    "signal_switch_count": 1960,
    "total_reward": 1373686.9249999851
  }
}