{
  "generation": 20,
  "best_idx": 5,
  "best_fitness": 2.8001542697983592,
  "all_fitness": [
    2.241850877836626,
    1.4782759225751871,
    1.6452881443835596,
    1.586653532051801,
    1.6977107463575325,
    2.8001542697983592,
    -1000000000.0,
    2.054382767998833,
    2.1870711908198963,
    2.0264544252589722,
    1.6995002733924756,
    -1000000000.0,
    2.1865519630374437,
    2.276914940513414,
    1.7235283197055689,
    2.073004518359962,
    1.476756815679419,
    1.5902568591317896,
    2.1936861003252788,
    1.3322010365057053
  ],
  "best_individual_metrics": {
    "completed_orders": 17,
    "total_orders": 26,
    "completion_rate": 0.6538461538461539,
    "avg_order_processing_time": 267.88235294117646,
    "total_completion_time": 4554.0,
    "execution_time_seconds": 161.98316955566406,
    "avg_wait_time": 31.0,
    "max_wait_time": 31,
    "total_wait_time": 1085.0,
    "evaluation_ticks": 989,
    "total_energy_consumed": 1141.8814252930965,
    "energy_per_order": 67.16949560547627,
    "robot_utilization": 0.8529999999999927,
    "total_stop_go_events": 927,
    "avg_traffic_rate": 0.025512395322071453,
    "avg_intersection_congestion": 1.1818181818181819,
    "max_intersection_congestion": 2,
    "spillback_penalty_total": 9028.0,
    "signal_switch_count": 641,
    "total_reward": 0.0
  }
}