{
  "generation": 27,
  "best_idx": 15,
  "best_fitness": 4.6715801624861255,
  "all_fitness": [
    1.6909652366827836,
    2.273657120484205,
    2.2794474910922977,
    1.6281274959624807,
    1.39324935187709,
    1.6174685606425614,
    1.537941992718901,
    1.82405386088452,
    2.0911843082858748,
    1.3546438596187322,
    1.6882377567688258,
    2.7562897818275607,
    3.089880405028089,
    2.668504139694171,
    1.6256545625524523,
    4.6715801624861255,
    2.297263479856895,
    2.946643955038995,
    1.4540073814636818,
    2.5945261086033757
  ],
  "best_individual_metrics": {
    "completed_orders": 20,
    "total_orders": 25,
    "completion_rate": 0.8,
    "avg_order_processing_time": 276.85,
    "total_completion_time": 5537.0,
    "execution_time_seconds": 185.1376178264618,
    "avg_wait_time": 30.5,
    "max_wait_time": 31,
    "total_wait_time": 1098.0,
    "evaluation_ticks": 1341,
    "total_energy_consumed": 824.1326532154889,
    "energy_per_order": 41.206632660774446,
    "robot_utilization": 0.6921111111110958,
    "total_stop_go_events": 949,
    "avg_traffic_rate": 0.025521901191111605,
    "avg_intersection_congestion": 1.1666666666666667,
    "max_intersection_congestion": 2,
    "spillback_penalty_total": 5480.0,
    "signal_switch_count": 622,
    "total_reward": 0.0
  }
}