{
  "generation": 20,
  "best_idx": 1,
  "best_fitness": 1402835.674999986,
  "all_fitness": [
    1359629.399999986,
    1402835.674999986,
    873973.874999992,
    936328.0499999932,
    1014776.9999999908,
    1188783.1999999932,
    -1000000000.0,
    -1000000000.0,
    1237543.2999999914,
    1237424.5249999848,
    1062864.1999999888,
    1074389.87499999,
    1103138.69999999,
    1029202.8749999877,
    1315892.7749999817,
    1171467.0249999939,
    1037732.7499999924,
    1271706.5749999867,
    1182184.7499999916,
    930160.9749999914
  ],
  "best_individual_metrics": {
    "completed_orders": 45,
    "total_orders": 80,
    "completion_rate": 0.5625,
    "avg_order_processing_time": 580.7111111111111,
    "total_completion_time": 26132,
    "execution_time_seconds": 515.8425719738007,
    "avg_wait_time": 30.544117647058822,
    "max_wait_time": 31,
    "total_wait_time": 2077.0,
    "evaluation_ticks": 3556,
    "total_energy_consumed": 1719.88304286873,
    "energy_per_order": 38.219623174860665,
    "robot_utilization": 0.9280416666666668,
    "total_stop_go_events": 2657,
    "avg_traffic_rate": 0.026215921115590977,
    "avg_intersection_congestion": 1.3,
    "max_intersection_congestion": 2,
    "spillback_penalty_total": 0.0,
    "signal_switch_count": 2071,
    "total_reward": 1402835.674999986
  }
}