{
  "generation": 12,
  "best_idx": 16,
  "best_fitness": 2.5815540038940705,
  "all_fitness": [
    1.365508041154403,
    2.2518140806410845,
    1.724120850566322,
    2.34547982866315,
    1.8931264555004002,
    1.9181756065767925,
    2.1806878057321026,
    1.8946080943443682,
    1.5840853099568066,
    2.2569397467024466,
    1.6871732527684922,
    1.7454105689254633,
    1.884641570128709,
    1.6635952067708342,
    1.6919690991559537,
    1.923104498521004,
    2.5815540038940705,
    1.083984748143164,
    1.5513422797826397,
    1.3975089941227545
  ],
  "best_individual_metrics": {
    "completed_orders": 14,
    "total_orders": 26,
    "completion_rate": 0.5384615384615384,
    "avg_order_processing_time": 230.64285714285714,
    "total_completion_time": 3229.0,
    "execution_time_seconds": 173.8827702999115,
    "avg_wait_time": 30.52777777777778,
    "max_wait_time": 31,
    "total_wait_time": 1099.0,
    "evaluation_ticks": 1113,
    "total_energy_consumed": 871.8022011109097,
    "energy_per_order": 62.271585793636405,
    "robot_utilization": 0.8194444444444354,
    "total_stop_go_events": 873,
    "avg_traffic_rate": 0.02240795053386651,
    "avg_intersection_congestion": 1.375,
    "max_intersection_congestion": 2,
    "spillback_penalty_total": 7759.0,
    "signal_switch_count": 661,
    "total_reward": 0.0
  }
}