{
  "generation": 2,
  "best_idx": 14,
  "best_fitness": 147196.70000000007,
  "all_fitness": [
    97081.72499999979,
    131541.34999999957,
    130943.12499999936,
    110120.14999999964,
    102347.87499999983,
    127416.29999999968,
    127245.02499999986,
    106722.2499999999,
    79974.67499999983,
    110055.49999999955,
    116652.39999999992,
    115643.42499999992,
    105342.97499999974,
    108391.62499999993,
    147196.70000000007,
    78493.34999999977,
    122237.59999999964,
    132591.59999999995,
    110021.17499999987,
    122687.67499999987
  ],
  "best_individual_metrics": {
    "completed_orders": 15,
    "total_orders": 58,
    "completion_rate": 0.25862068965517243,
    "avg_order_processing_time": 320.53333333333336,
    "total_completion_time": 4808,
    "execution_time_seconds": 151.14881300926208,
    "avg_wait_time": 30.194444444444443,
    "max_wait_time": 31,
    "total_wait_time": 1087.0,
    "evaluation_ticks": 911,
    "total_energy_consumed": 2624.8614614735507,
    "energy_per_order": 174.99076409823672,
    "robot_utilization": 0.8136666666666572,
    "total_stop_go_events": 892,
    "avg_traffic_rate": 0.024269519406803237,
    "avg_intersection_congestion": 1.0,
    "max_intersection_congestion": 1,
    "spillback_penalty_total": 0.0,
    "signal_switch_count": 584,
    "total_reward": 147196.70000000007
  }
}