{
  "generation": 27,
  "best_idx": 11,
  "best_fitness": 4.108956284327171,
  "all_fitness": [
    3.9937785356848385,
    3.6048730172387153,
    1.7795888496784755,
    3.605602719174178,
    3.112051104470711,
    2.933054820594953,
    2.8600587195123435,
    2.8723580682631566,
    2.601258741391468,
    2.5805467739951053,
    3.3419964829957407,
    4.108956284327171,
    2.6015150592956897,
    3.2347925117285294,
    2.4408490967682104,
    3.523417219777904,
    3.4023195726172926,
    2.4759306592835664,
    2.9357651759884718,
    2.3746893144853405
  ],
  "best_individual_metrics": {
    "completed_orders": 37,
    "total_orders": 48,
    "completion_rate": 0.7708333333333334,
    "avg_order_processing_time": 345.72972972972974,
    "total_completion_time": 12792,
    "execution_time_seconds": 469.8541705608368,
    "avg_wait_time": 30.4,
    "max_wait_time": 31,
    "total_wait_time": 2128.0,
    "evaluation_ticks": 4009,
    "total_energy_consumed": 1884.3958473574057,
    "energy_per_order": 50.9296174961461,
    "robot_utilization": 0.9324999999999999,
    "total_stop_go_events": 2471,
    "avg_traffic_rate": 0.02456494483860787,
    "avg_intersection_congestion": 1.0,
    "max_intersection_congestion": 1,
    "spillback_penalty_total": 9821.0,
    "signal_switch_count": 1808,
    "total_reward": 0.0
  }
}