{
  "generation": 16,
  "best_idx": 12,
  "best_fitness": 4.378436194362344,
  "all_fitness": [
    2.8849705076906935,
    2.813484721348839,
    2.9596445634789097,
    3.1388376377782476,
    3.037004597841608,
    2.9471574049318723,
    2.927965195776124,
    3.476974984611045,
    2.8302747786412956,
    2.9211235050730795,
    2.953274357944339,
    3.707269215188746,
    4.378436194362344,
    2.578058350208834,
    2.6180609052763053,
    2.6444526606536476,
    4.124444819470546,
    2.0297439952490155,
    2.8257066892567915,
    2.180929736966224
  ],
  "best_individual_metrics": {
    "completed_orders": 40,
    "total_orders": 48,
    "completion_rate": 0.8333333333333334,
    "avg_order_processing_time": 235.75,
    "total_completion_time": 9430,
    "execution_time_seconds": 468.07693219184875,
    "avg_wait_time": 31.0,
    "max_wait_time": 31,
    "total_wait_time": 1891.0,
    "evaluation_ticks": 3704,
    "total_energy_consumed": 1713.6365701144719,
    "energy_per_order": 42.84091425286179,
    "robot_utilization": 0.5065416666666657,
    "total_stop_go_events": 2392,
    "avg_traffic_rate": 0.022462319252393777,
    "avg_intersection_congestion": 1.5,
    "max_intersection_congestion": 4,
    "spillback_penalty_total": 10100.0,
    "signal_switch_count": 1794,
    "total_reward": 0.0
  }
}