{
  "generation": 27,
  "best_idx": 18,
  "best_fitness": 1841326.6499999797,
  "all_fitness": [
    891670.2749999968,
    1211647.2499999846,
    1180122.8999999962,
    1104313.399999989,
    1199579.3999999946,
    1239621.3999999883,
    1085546.1249999898,
    1163119.2499999905,
    1182737.3249999934,
    1185967.6999999892,
    1372006.8249999846,
    1248383.699999988,
    1003352.349999989,
    1637382.9499999841,
    1356494.6999999883,
    1278424.3499999905,
    1199909.3499999917,
    1329692.8499999796,
    1841326.6499999797,
    931633.2749999912
  ],
  "best_individual_metrics": {
    "completed_orders": 46,
    "total_orders": 80,
    "completion_rate": 0.575,
    "avg_order_processing_time": 653.3695652173913,
    "total_completion_time": 30055,
    "execution_time_seconds": 476.86265659332275,
    "avg_wait_time": 31.0,
    "max_wait_time": 31,
    "total_wait_time": 1922.0,
    "evaluation_ticks": 3746,
    "total_energy_consumed": 1876.7786910337234,
    "energy_per_order": 40.79953676160268,
    "robot_utilization": 0.9200833333333331,
    "total_stop_go_events": 2807,
    "avg_traffic_rate": 0.02659242770929458,
    "avg_intersection_congestion": 1.1666666666666667,
    "max_intersection_congestion": 2,
    "spillback_penalty_total": 0.0,
    "signal_switch_count": 2020,
    "total_reward": 1841326.6499999797
  }
}