{
  "generation": 29,
  "best_idx": 14,
  "best_fitness": 1457489.2749999813,
  "all_fitness": [
    1173336.7999999912,
    1301164.3499999915,
    1006626.8249999908,
    -1000000000.0,
    941109.4749999961,
    980012.7999999921,
    1195173.1749999933,
    1030507.7999999896,
    1168037.6249999893,
    1383726.2999999926,
    1127335.2499999849,
    1161248.9999999902,
    1375933.449999987,
    1217781.2499999902,
    1457489.2749999813,
    1106777.7999999905,
    956294.6499999923,
    1387736.9249999914,
    1181041.0749999892,
    1354532.32499999
  ],
  "best_individual_metrics": {
    "completed_orders": 45,
    "total_orders": 80,
    "completion_rate": 0.5625,
    "avg_order_processing_time": 648.6222222222223,
    "total_completion_time": 29188,
    "execution_time_seconds": 392.3762867450714,
    "avg_wait_time": 31.0,
    "max_wait_time": 31,
    "total_wait_time": 1953.0,
    "evaluation_ticks": 3407,
    "total_energy_consumed": 2475.600681147973,
    "energy_per_order": 55.013348469954956,
    "robot_utilization": 0.9525,
    "total_stop_go_events": 2578,
    "avg_traffic_rate": 0.02467208764775751,
    "avg_intersection_congestion": 1.2307692307692308,
    "max_intersection_congestion": 3,
    "spillback_penalty_total": 0.0,
    "signal_switch_count": 1854,
    "total_reward": 1457489.2749999813
  }
}