{
  "generation": 10,
  "best_idx": 1,
  "best_fitness": 4.2044077014117205,
  "all_fitness": [
    2.707052454833918,
    4.2044077014117205,
    4.022200702713193,
    2.1602316022181314,
    2.1733399917900758,
    2.5924646228546147,
    2.556209254043596,
    2.6226087155149522,
    3.7155859750863143,
    3.1016560198351866,
    2.1168100181264102,
    1.9278235897156293,
    2.6122838605485974,
    3.9510738488045325,
    3.3335795561582606,
    3.0787507153977587,
    3.0987241729659214,
    2.646633152556187,
    3.0943782161849867,
    2.167456045725338
  ],
  "best_individual_metrics": {
    "completed_orders": 38,
    "total_orders": 48,
    "completion_rate": 0.7916666666666666,
    "avg_order_processing_time": 329.92105263157896,
    "total_completion_time": 12537,
    "execution_time_seconds": 464.9197618961334,
    "avg_wait_time": 31.0,
    "max_wait_time": 31,
    "total_wait_time": 1643.0,
    "evaluation_ticks": 3897,
    "total_energy_consumed": 1762.6789676873475,
    "energy_per_order": 46.38628862335125,
    "robot_utilization": 0.8439166666666663,
    "total_stop_go_events": 2433,
    "avg_traffic_rate": 0.02417028161573266,
    "avg_intersection_congestion": 1.1111111111111112,
    "max_intersection_congestion": 2,
    "spillback_penalty_total": 9900.0,
    "signal_switch_count": 1769,
    "total_reward": 0.0
  }
}