{
  "generation": 7,
  "best_idx": 5,
  "best_fitness": -2811.5032920165154,
  "all_fitness": [
    -7480.89960823442,
    -3159.394757311978,
    -3092.010057559154,
    -5699.341213350233,
    -3882.8134496519006,
    -2811.5032920165154,
    -3225.4796323056044,
    -5299.217006944418,
    -5095.272953880688,
    -6980.230442141275
  ]
}