{
  "generation": 14,
  "best_idx": 13,
  "best_fitness": 1440913.7499999872,
  "all_fitness": [
    1062635.574999991,
    1148570.02499999,
    931705.0999999992,
    1336157.449999986,
    1369220.7499999884,
    1220961.349999987,
    1020693.2999999945,
    934678.3249999923,
    873119.3249999926,
    1404707.8499999794,
    1157779.2499999898,
    1391203.5749999862,
    1142905.0499999912,
    1440913.7499999872,
    854926.8749999955,
    1367649.4499999846,
    1369534.3499999826,
    1169000.8249999927,
    1392824.1499999876,
    1103518.9749999885
  ],
  "best_individual_metrics": {
    "completed_orders": 45,
    "total_orders": 80,
    "completion_rate": 0.5625,
    "avg_order_processing_time": 651.3555555555556,
    "total_completion_time": 29311,
    "execution_time_seconds": 535.7248170375824,
    "avg_wait_time": 30.73076923076923,
    "max_wait_time": 31,
    "total_wait_time": 2397.0,
    "evaluation_ticks": 3438,
    "total_energy_consumed": 2206.2853603799217,
    "energy_per_order": 49.02856356399826,
    "robot_utilization": 0.9390833333333333,
    "total_stop_go_events": 2518,
    "avg_traffic_rate": 0.02605807696257717,
    "avg_intersection_congestion": 1.4,
    "max_intersection_congestion": 4,
    "spillback_penalty_total": 0.0,
    "signal_switch_count": 2048,
    "total_reward": 1440913.7499999872
  }
}