{
  "generation": 21,
  "best_idx": 1,
  "best_fitness": 198506.3250000009,
  "all_fitness": [
    114963.47499999998,
    198506.3250000009,
    123121.6499999998,
    131502.52499999953,
    118913.07499999968,
    149674.12499999988,
    73134.52499999985,
    114601.12499999953,
    111625.8499999999,
    174147.55000000034,
    145496.5749999999,
    -1000000000.0,
    108341.22499999987,
    128609.14999999951,
    108447.92499999973,
    105447.57499999972,
    153155.70000000036,
    147148.55000000057,
    185257.45000000024,
    171223.2250000003
  ],
  "best_individual_metrics": {
    "completed_orders": 16,
    "total_orders": 58,
    "completion_rate": 0.27586206896551724,
    "avg_order_processing_time": 258.5625,
    "total_completion_time": 4137,
    "execution_time_seconds": 184.6236596107483,
    "avg_wait_time": 29.976744186046513,
    "max_wait_time": 31,
    "total_wait_time": 1289.0,
    "evaluation_ticks": 1415,
    "total_energy_consumed": 813.8019471484638,
    "energy_per_order": 50.86262169677899,
    "robot_utilization": 0.7731111111110996,
    "total_stop_go_events": 922,
    "avg_traffic_rate": 0.02495358210277112,
    "avg_intersection_congestion": 1.25,
    "max_intersection_congestion": 3,
    "spillback_penalty_total": 0.0,
    "signal_switch_count": 636,
    "total_reward": 198506.3250000009
  }
}