{
  "generation": 17,
  "best_idx": 6,
  "best_fitness": 2.894966348273235,
  "all_fitness": [
    2.418994104136722,
    2.025408251176003,
    1.6523427548342302,
    1.7977511642851611,
    1.3615047638783675,
    1.5507398212278978,
    2.894966348273235,
    2.090235657925713,
    1.7416047748659957,
    2.758231911284356,
    1.7713665004317845,
    2.4879469494093875,
    1.7008143763742578,
    2.1540372651651403,
    1.668788414501695,
    1.8433983786863046,
    1.8695981325751692,
    1.3876329351080927,
    1.593290718295843,
    1.0097897762551895
  ],
  "best_individual_metrics": {
    "completed_orders": 17,
    "total_orders": 58,
    "completion_rate": 0.29310344827586204,
    "avg_order_processing_time": 319.52941176470586,
    "total_completion_time": 5432,
    "execution_time_seconds": 175.0744686126709,
    "avg_wait_time": 30.35483870967742,
    "max_wait_time": 31,
    "total_wait_time": 941.0,
    "evaluation_ticks": 1096,
    "total_energy_consumed": 1035.2338326155912,
    "energy_per_order": 60.89610780091713,
    "robot_utilization": 0.8214444444444355,
    "total_stop_go_events": 1021,
    "avg_traffic_rate": 0.02957359538315048,
    "avg_intersection_congestion": 1.0909090909090908,
    "max_intersection_congestion": 2,
    "spillback_penalty_total": 8641.0,
    "signal_switch_count": 713,
    "total_reward": 0.0
  }
}