{
  "generation": 26,
  "best_idx": 13,
  "best_fitness": 131689.37499999953,
  "all_fitness": [
    123787.52499999988,
    117012.32499999991,
    115125.67499999986,
    129740.92500000002,
    100738.2999999997,
    77222.87499999987,
    114549.62499999965,
    128677.92499999992,
    92946.79999999989,
    119636.99999999958,
    118808.77499999979,
    120322.97499999993,
    114028.99999999936,
    131689.37499999953,
    129189.09999999935,
    103810.74999999981,
    118016.79999999971,
    109128.54999999971,
    85912.0249999997,
    114398.89999999998
  ],
  "best_individual_metrics": {
    "completed_orders": 13,
    "total_orders": 58,
    "completion_rate": 0.22413793103448276,
    "avg_order_processing_time": 347.84615384615387,
    "total_completion_time": 4522,
    "execution_time_seconds": 170.16798949241638,
    "avg_wait_time": 30.6046511627907,
    "max_wait_time": 31,
    "total_wait_time": 1316.0,
    "evaluation_ticks": 1108,
    "total_energy_consumed": 2091.5736440739915,
    "energy_per_order": 160.89028031338395,
    "robot_utilization": 0.8241111111111022,
    "total_stop_go_events": 910,
    "avg_traffic_rate": 0.022084798617852924,
    "avg_intersection_congestion": 1.375,
    "max_intersection_congestion": 3,
    "spillback_penalty_total": 0.0,
    "signal_switch_count": 547,
    "total_reward": 131689.37499999953
  }
}