{
  "generation": 13,
  "best_idx": 6,
  "best_fitness": 3.71379622625745,
  "all_fitness": [
    3.384971097508009,
    3.3163740586512462,
    2.519631129298682,
    3.414750805052308,
    -1000000000.0,
    2.8961590987621166,
    3.71379622625745,
    3.0751065976639076,
    2.8333082299911414,
    2.354784276147975,
    2.8650607424943817,
    2.3864353621216456,
    3.570672310732133,
    3.6600966558632724,
    2.7294540869338446,
    3.4525941159117526,
    2.8629330652404654,
    1.8788291750777626,
    3.403330590028329,
    2.6858057366279358
  ],
  "best_individual_metrics": {
    "completed_orders": 38,
    "total_orders": 48,
    "completion_rate": 0.7916666666666666,
    "avg_order_processing_time": 378.9736842105263,
    "total_completion_time": 14401,
    "execution_time_seconds": 465.96428990364075,
    "avg_wait_time": 31.0,
    "max_wait_time": 31,
    "total_wait_time": 2139.0,
    "evaluation_ticks": 3251,
    "total_energy_consumed": 2262.353356717311,
    "energy_per_order": 59.53561465045555,
    "robot_utilization": 0.9274583333333328,
    "total_stop_go_events": 2436,
    "avg_traffic_rate": 0.028930510018409607,
    "avg_intersection_congestion": 1.0,
    "max_intersection_congestion": 1,
    "spillback_penalty_total": 12238.0,
    "signal_switch_count": 1931,
    "total_reward": 0.0
  }
}