{
  "generation": 1,
  "best_idx": 0,
  "best_fitness": -0.1400000000000001,
  "all_fitness": [
    -0.1400000000000001
  ]
}