{
  "generation": 4,
  "best_idx": 18,
  "best_fitness": 154757.02500000002,
  "all_fitness": [
    78353.84999999985,
    135831.92499999967,
    135567.9249999997,
    58581.09999999985,
    -1000000000.0,
    119663.67499999968,
    139319.39999999994,
    110591.57499999975,
    121400.89999999957,
    136025.02500000002,
    95370.29999999974,
    123209.02499999967,
    132841.90000000002,
    105461.32500000013,
    98377.3749999997,
    111757.29999999978,
    123560.22499999953,
    107368.24999999994,
    154757.02500000002,
    94023.62499999984
  ],
  "best_individual_metrics": {
    "completed_orders": 17,
    "total_orders": 58,
    "completion_rate": 0.29310344827586204,
    "avg_order_processing_time": 312.05882352941177,
    "total_completion_time": 5305,
    "execution_time_seconds": 159.58951544761658,
    "avg_wait_time": 30.761904761904763,
    "max_wait_time": 31,
    "total_wait_time": 1292.0,
    "evaluation_ticks": 918,
    "total_energy_consumed": 2503.51661851004,
    "energy_per_order": 147.26568344176707,
    "robot_utilization": 0.8072222222222123,
    "total_stop_go_events": 1047,
    "avg_traffic_rate": 0.033937860380361506,
    "avg_intersection_congestion": 1.6,
    "max_intersection_congestion": 4,
    "spillback_penalty_total": 0.0,
    "signal_switch_count": 622,
    "total_reward": 154757.02500000002
  }
}