{
  "generation": 3,
  "best_idx": 13,
  "best_fitness": 3.641757810246786,
  "all_fitness": [
    2.6688501186402296,
    3.517757584770623,
    3.2808389742759414,
    3.4367751544000527,
    3.303318885068593,
    2.7100541159974703,
    2.6064233580703724,
    2.787931324296941,
    2.7057290990917435,
    3.113382674667121,
    2.1514701517482053,
    3.3261862547061245,
    3.50864059092545,
    3.641757810246786,
    2.691549238554312,
    2.221555735253859,
    2.56785922444788,
    3.190698661009717,
    2.3603233143677858,
    2.084755293425537
  ],
  "best_individual_metrics": {
    "completed_orders": 46,
    "total_orders": 80,
    "completion_rate": 0.575,
    "avg_order_processing_time": 613.1086956521739,
    "total_completion_time": 28203,
    "execution_time_seconds": 421.95808696746826,
    "avg_wait_time": 30.924242424242426,
    "max_wait_time": 31,
    "total_wait_time": 2041.0,
    "evaluation_ticks": 3077,
    "total_energy_consumed": 2875.2561461465766,
    "energy_per_order": 62.505568394490794,
    "robot_utilization": 0.9337916666666664,
    "total_stop_go_events": 2724,
    "avg_traffic_rate": 0.026158907884313094,
    "avg_intersection_congestion": 1.0833333333333333,
    "max_intersection_congestion": 2,
    "spillback_penalty_total": 16975.0,
    "signal_switch_count": 2120,
    "total_reward": 0.0
  }
}