{
  "generation": 28,
  "best_idx": 1,
  "best_fitness": 1596378.3749999881,
  "all_fitness": [
    1408070.049999988,
    1596378.3749999881,
    1191062.2499999877,
    1029806.6749999931,
    1092100.4749999903,
    1179410.4999999916,
    1475723.5749999834,
    1179005.3749999881,
    1407205.1749999863,
    967031.2499999949,
    1111183.3249999916,
    1370557.2749999876,
    1306662.8249999823,
    1152541.9249999882,
    1184145.574999988,
    1141401.6499999887,
    821712.4999999894,
    1413039.4999999863,
    1194515.19999999,
    1428660.7999999893
  ],
  "best_individual_metrics": {
    "completed_orders": 45,
    "total_orders": 80,
    "completion_rate": 0.5625,
    "avg_order_processing_time": 692.2444444444444,
    "total_completion_time": 31151,
    "execution_time_seconds": 484.67285799980164,
    "avg_wait_time": 30.816666666666666,
    "max_wait_time": 31,
    "total_wait_time": 1849.0,
    "evaluation_ticks": 3506,
    "total_energy_consumed": 2426.063552706653,
    "energy_per_order": 53.91252339348117,
    "robot_utilization": 0.9325416666666664,
    "total_stop_go_events": 2688,
    "avg_traffic_rate": 0.025715266804162404,
    "avg_intersection_congestion": 1.1111111111111112,
    "max_intersection_congestion": 2,
    "spillback_penalty_total": 0.0,
    "signal_switch_count": 2081,
    "total_reward": 1596378.3749999881
  }
}