{
  "generation": 19,
  "best_idx": 1,
  "best_fitness": 4.247402387767846,
  "all_fitness": [
    3.633933282627521,
    4.247402387767846,
    2.188092095001562,
    2.6804771387662836,
    2.965297437884221,
    2.3725715492983417,
    3.385726435507689,
    2.433283022012232,
    3.277536654808964,
    2.4737834447009144,
    3.088157754778009,
    2.4835638004915745,
    2.956707763033796,
    2.862369696329267,
    2.552647285450626,
    3.8918252569987604,
    3.8372350446338817,
    2.7627735821547263,
    2.342897177484219,
    2.6282245477777413
  ],
  "best_individual_metrics": {
    "completed_orders": 40,
    "total_orders": 48,
    "completion_rate": 0.8333333333333334,
    "avg_order_processing_time": 275.15,
    "total_completion_time": 11006,
    "execution_time_seconds": 469.8537948131561,
    "avg_wait_time": 30.65753424657534,
    "max_wait_time": 31,
    "total_wait_time": 2238.0,
    "evaluation_ticks": 3378,
    "total_energy_consumed": 1700.414333049986,
    "energy_per_order": 42.51035832624965,
    "robot_utilization": 0.6893749999999994,
    "total_stop_go_events": 2292,
    "avg_traffic_rate": 0.022596794063167402,
    "avg_intersection_congestion": 1.1818181818181819,
    "max_intersection_congestion": 2,
    "spillback_penalty_total": 10665.0,
    "signal_switch_count": 1839,
    "total_reward": 0.0
  }
}