{
  "generation": 6,
  "best_idx": 17,
  "best_fitness": 2.2901275558506726,
  "all_fitness": [
    1.5783885637641708,
    2.0694260284209034,
    1.4166941755451588,
    2.227491992471796,
    1.9162946174247784,
    1.681985344032868,
    2.0749953568186665,
    1.6615191993267535,
    1.6499268100372482,
    1.8526389506942633,
    1.567181585376429,
    1.7998820624459324,
    1.3468271915868006,
    1.8736253310683435,
    -1000000000.0,
    1.5960939876189635,
    1.091817455743037,
    2.2901275558506726,
    1.6713839564186042,
    1.38969678783099
  ],
  "best_individual_metrics": {
    "completed_orders": 17,
    "total_orders": 58,
    "completion_rate": 0.29310344827586204,
    "avg_order_processing_time": 329.2352941176471,
    "total_completion_time": 5597,
    "execution_time_seconds": 167.69626259803772,
    "avg_wait_time": 30.428571428571427,
    "max_wait_time": 31,
    "total_wait_time": 852.0,
    "evaluation_ticks": 783,
    "total_energy_consumed": 1303.3460273322974,
    "energy_per_order": 76.66741337248808,
    "robot_utilization": 0.8393333333333253,
    "total_stop_go_events": 928,
    "avg_traffic_rate": 0.06897115704332892,
    "avg_intersection_congestion": 1.0909090909090908,
    "max_intersection_congestion": 2,
    "spillback_penalty_total": 11716.0,
    "signal_switch_count": 698,
    "total_reward": 0.0
  }
}