{
  "generation": 12,
  "best_idx": 17,
  "best_fitness": 3.6812116662864023,
  "all_fitness": [
    3.4883340100637907,
    3.303028400852661,
    2.632835299833919,
    3.384602543321814,
    3.132589915951601,
    2.5563037616158204,
    2.4457106431833817,
    2.396783811686144,
    2.9656252595089456,
    3.024808987553764,
    3.2299709731390576,
    2.1056815778913562,
    3.650078505659266,
    2.3932523918062913,
    2.4369123645270427,
    2.7976417041594805,
    2.5236450703989135,
    3.6812116662864023,
    2.4653561055493722,
    2.8733369234371025
  ],
  "best_individual_metrics": {
    "completed_orders": 37,
    "total_orders": 47,
    "completion_rate": 0.7872340425531915,
    "avg_order_processing_time": 265.8918918918919,
    "total_completion_time": 9838,
    "execution_time_seconds": 467.9202857017517,
    "avg_wait_time": 30.736842105263158,
    "max_wait_time": 31,
    "total_wait_time": 1752.0,
    "evaluation_ticks": 3545,
    "total_energy_consumed": 2120.768897646422,
    "energy_per_order": 57.31807831476816,
    "robot_utilization": 0.8185416666666663,
    "total_stop_go_events": 2337,
    "avg_traffic_rate": 0.02153526158823055,
    "avg_intersection_congestion": 1.1111111111111112,
    "max_intersection_congestion": 2,
    "spillback_penalty_total": 11890.0,
    "signal_switch_count": 1751,
    "total_reward": 0.0
  }
}