{
  "generation": 8,
  "best_idx": 8,
  "best_fitness": 1452149.799999982,
  "all_fitness": [
    1226491.9999999937,
    1222272.3999999927,
    1276787.9999999797,
    1068153.7749999922,
    1179000.749999987,
    1235056.4999999895,
    885924.5499999917,
    919276.1499999914,
    1452149.799999982,
    1057615.9499999944,
    1385131.6999999871,
    916473.1249999921,
    892030.6249999958,
    1259790.2499999867,
    805998.9999999943,
    1290585.174999991,
    983597.8249999932,
    1100844.2749999913,
    1387116.5249999866,
    972013.924999993
  ],
  "best_individual_metrics": {
    "completed_orders": 42,
    "total_orders": 80,
    "completion_rate": 0.525,
    "avg_order_processing_time": 654.452380952381,
    "total_completion_time": 27487,
    "execution_time_seconds": 532.2559866905212,
    "avg_wait_time": 31.0,
    "max_wait_time": 31,
    "total_wait_time": 1860.0,
    "evaluation_ticks": 3465,
    "total_energy_consumed": 2012.7724127655435,
    "energy_per_order": 47.92315268489389,
    "robot_utilization": 0.9428333333333333,
    "total_stop_go_events": 2642,
    "avg_traffic_rate": 0.024687327839241907,
    "avg_intersection_congestion": 1.2727272727272727,
    "max_intersection_congestion": 3,
    "spillback_penalty_total": 0.0,
    "signal_switch_count": 1995,
    "total_reward": 1452149.799999982
  }
}