{
  "generation": 1,
  "best_idx": 6,
  "best_fitness": 140572.64999999994,
  "all_fitness": [
    84481.32499999991,
    102855.12499999977,
    117583.87499999968,
    104984.77499999979,
    117277.6499999997,
    77811.07499999988,
    140572.64999999994,
    107212.69999999984,
    73556.09999999986,
    99282.77499999983,
    121405.09999999937,
    131925.07499999987,
    97255.72499999989,
    99905.7499999997,
    135799.42499999976,
    38967.07499999999,
    120980.04999999992,
    114583.47499999995,
    80540.07499999985,
    115164.67499999965
  ],
  "best_individual_metrics": {
    "completed_orders": 12,
    "total_orders": 58,
    "completion_rate": 0.20689655172413793,
    "avg_order_processing_time": 300.0833333333333,
    "total_completion_time": 3601,
    "execution_time_seconds": 153.90812945365906,
    "avg_wait_time": 31.0,
    "max_wait_time": 31,
    "total_wait_time": 1054.0,
    "evaluation_ticks": 857,
    "total_energy_consumed": 2860.221544018974,
    "energy_per_order": 238.3517953349145,
    "robot_utilization": 0.7717777777777662,
    "total_stop_go_events": 878,
    "avg_traffic_rate": 0.0217884599122441,
    "avg_intersection_congestion": 1.5,
    "max_intersection_congestion": 4,
    "spillback_penalty_total": 0.0,
    "signal_switch_count": 485,
    "total_reward": 140572.64999999994
  }
}