{
  "generation": 25,
  "best_idx": 7,
  "best_fitness": 199546.550000001,
  "all_fitness": [
    84552.57499999991,
    86639.0749999999,
    133471.19999999987,
    170038.95000000036,
    150938.4,
    104312.79999999962,
    147742.17499999973,
    199546.550000001,
    122667.59999999969,
    104333.14999999932,
    154427.22500000027,
    -1000000000.0,
    150977.45000000004,
    176508.9500000002,
    144727.59999999977,
    -1000000000.0,
    114817.62499999981,
    121374.62499999953,
    118319.52499999953,
    133642.57499999987
  ],
  "best_individual_metrics": {
    "completed_orders": 17,
    "total_orders": 58,
    "completion_rate": 0.29310344827586204,
    "avg_order_processing_time": 302.05882352941177,
    "total_completion_time": 5135,
    "execution_time_seconds": 175.04458856582642,
    "avg_wait_time": 31.0,
    "max_wait_time": 31,
    "total_wait_time": 930.0,
    "evaluation_ticks": 1380,
    "total_energy_consumed": 832.5297072547804,
    "energy_per_order": 48.97233572086944,
    "robot_utilization": 0.8129999999999906,
    "total_stop_go_events": 923,
    "avg_traffic_rate": 0.02666917892503692,
    "avg_intersection_congestion": 1.0,
    "max_intersection_congestion": 1,
    "spillback_penalty_total": 0.0,
    "signal_switch_count": 587,
    "total_reward": 199546.550000001
  }
}