{
  "generation": 7,
  "best_idx": 16,
  "best_fitness": 2.293302531244254,
  "all_fitness": [
    1.0854215424926321,
    1.575286098144059,
    1.288802619809125,
    2.1493049316694304,
    1.9097091837519047,
    1.7618983311653014,
    1.633161849509117,
    1.5970393526502205,
    1.6436808034780201,
    1.5583352696127277,
    1.4918290678212058,
    -1000000000.0,
    1.617613054512785,
    1.1032859823796257,
    -1000000000.0,
    1.7433315925871513,
    2.293302531244254,
    1.5927379357173446,
    2.09204041503539,
    1.5454700058084134
  ],
  "best_individual_metrics": {
    "completed_orders": 21,
    "total_orders": 58,
    "completion_rate": 0.3620689655172414,
    "avg_order_processing_time": 299.76190476190476,
    "total_completion_time": 6295,
    "execution_time_seconds": 164.88959455490112,
    "avg_wait_time": 30.606060606060606,
    "max_wait_time": 31,
    "total_wait_time": 1010.0,
    "evaluation_ticks": 672,
    "total_energy_consumed": 2131.994590131325,
    "energy_per_order": 101.52355191101547,
    "robot_utilization": 0.7593333333333212,
    "total_stop_go_events": 1128,
    "avg_traffic_rate": 0.02875427757750399,
    "avg_intersection_congestion": 1.0,
    "max_intersection_congestion": 1,
    "spillback_penalty_total": 15101.0,
    "signal_switch_count": 795,
    "total_reward": 0.0
  }
}