{
  "generation": 28,
  "best_idx": 3,
  "best_fitness": 5.0864225383188195,
  "all_fitness": [
    4.426050267010518,
    4.871259469093442,
    3.0195761985848586,
    5.0864225383188195,
    3.660332988060349,
    3.8588090236455352,
    3.4424184656915533,
    3.324054595788636,
    4.2325990645984275,
    3.609809264933134,
    3.255553584718572,
    3.4933097175051886,
    3.256383787929563,
    3.3058350890187924,
    3.474392180632634,
    3.290483270593051,
    3.8942067682014145,
    4.335444424631771,
    3.27658788243176,
    4.138759990593543
  ],
  "best_individual_metrics": {
    "completed_orders": 44,
    "total_orders": 80,
    "completion_rate": 0.55,
    "avg_order_processing_time": 664.7727272727273,
    "total_completion_time": 29250,
    "execution_time_seconds": 502.30705428123474,
    "avg_wait_time": 31.0,
    "max_wait_time": 31,
    "total_wait_time": 1860.0,
    "evaluation_ticks": 3719,
    "total_energy_consumed": 1399.6139008966297,
    "energy_per_order": 31.809406838559767,
    "robot_utilization": 0.9195416666666665,
    "total_stop_go_events": 2414,
    "avg_traffic_rate": 0.023490457874544863,
    "avg_intersection_congestion": 1.25,
    "max_intersection_congestion": 2,
    "spillback_penalty_total": 9161.0,
    "signal_switch_count": 1958,
    "total_reward": 0.0
  }
}