{
  "generation": 30,
  "best_idx": 15,
  "best_fitness": 195669.92500000045,
  "all_fitness": [
    135064.62499999962,
    117754.77499999962,
    170731.8250000005,
    -1000000000.0,
    128970.04999999978,
    118506.14999999962,
    -1000000000.0,
    134460.9249999997,
    129901.22499999977,
    84325.47499999985,
    154030.6750000006,
    190305.45000000004,
    106178.37499999964,
    113962.6749999998,
    182458.22500000094,
    195669.92500000045,
    134907.17499999996,
    144027.2749999999,
    101038.37499999965,
    110975.77499999988
  ],
  "best_individual_metrics": {
    "completed_orders": 13,
    "total_orders": 58,
    "completion_rate": 0.22413793103448276,
    "avg_order_processing_time": 190.3846153846154,
    "total_completion_time": 2475,
    "execution_time_seconds": 200.78267884254456,
    "avg_wait_time": 31.0,
    "max_wait_time": 31,
    "total_wait_time": 1054.0,
    "evaluation_ticks": 1169,
    "total_energy_consumed": 884.4526069520172,
    "energy_per_order": 68.03481591938593,
    "robot_utilization": 0.8329999999999919,
    "total_stop_go_events": 903,
    "avg_traffic_rate": 0.023519366375896796,
    "avg_intersection_congestion": 1.125,
    "max_intersection_congestion": 2,
    "spillback_penalty_total": 0.0,
    "signal_switch_count": 626,
    "total_reward": 195669.92500000045
  }
}