{
  "generation": 18,
  "best_idx": 3,
  "best_fitness": 1535289.8249999813,
  "all_fitness": [
    1164820.749999989,
    -1000000000.0,
    1317347.5499999877,
    1535289.8249999813,
    1298331.7249999866,
    1195014.7249999875,
    950509.3249999931,
    1207165.5499999903,
    1453954.8749999737,
    1157680.799999989,
    1362817.1499999834,
    977306.6249999966,
    1160108.1999999864,
    1199175.2499999932,
    1119794.9999999886,
    1143956.0249999918,
    1098963.999999993,
    1208321.6249999949,
    1333707.9249999875,
    1199749.3499999936
  ],
  "best_individual_metrics": {
    "completed_orders": 44,
    "total_orders": 80,
    "completion_rate": 0.55,
    "avg_order_processing_time": 679.1590909090909,
    "total_completion_time": 29883,
    "execution_time_seconds": 485.4905059337616,
    "avg_wait_time": 31.0,
    "max_wait_time": 31,
    "total_wait_time": 2046.0,
    "evaluation_ticks": 3788,
    "total_energy_consumed": 1494.715928863584,
    "energy_per_order": 33.970816565081456,
    "robot_utilization": 0.9207083333333331,
    "total_stop_go_events": 2374,
    "avg_traffic_rate": 0.0239228881298424,
    "avg_intersection_congestion": 1.25,
    "max_intersection_congestion": 3,
    "spillback_penalty_total": 0.0,
    "signal_switch_count": 1824,
    "total_reward": 1535289.8249999813
  }
}