{
  "generation": 1,
  "best_idx": 0,
  "best_fitness": -1.351999999999988,
  "all_fitness": [
    -1.351999999999988
  ]
}