{
  "generation": 23,
  "best_idx": 4,
  "best_fitness": 1558948.7999999824,
  "all_fitness": [
    1173316.674999992,
    1245576.2749999843,
    1176608.2999999896,
    1212171.0749999892,
    1558948.7999999824,
    1283101.5499999812,
    1040186.9499999902,
    1184477.2499999853,
    1278582.6999999858,
    1137532.47499999,
    936132.199999992,
    -1000000000.0,
    1161546.9749999922,
    1364745.7749999936,
    -1000000000.0,
    1401244.1999999809,
    1105869.224999988,
    1416532.7499999884,
    1537175.1249999842,
    1127018.8249999876
  ],
  "best_individual_metrics": {
    "completed_orders": 47,
    "total_orders": 80,
    "completion_rate": 0.5875,
    "avg_order_processing_time": 660.6170212765958,
    "total_completion_time": 31049,
    "execution_time_seconds": 495.10355043411255,
    "avg_wait_time": 30.785714285714285,
    "max_wait_time": 31,
    "total_wait_time": 2155.0,
    "evaluation_ticks": 3474,
    "total_energy_consumed": 2644.3719454425373,
    "energy_per_order": 56.26323288175611,
    "robot_utilization": 0.9222916666666665,
    "total_stop_go_events": 2749,
    "avg_traffic_rate": 0.026307476822529305,
    "avg_intersection_congestion": 1.0,
    "max_intersection_congestion": 1,
    "spillback_penalty_total": 0.0,
    "signal_switch_count": 2075,
    "total_reward": 1558948.7999999824
  }
}