{
  "generation": 23,
  "best_idx": 17,
  "best_fitness": 1547486.099999979,
  "all_fitness": [
    1398494.4999999823,
    1140414.2249999875,
    1042659.1749999862,
    1094112.7999999851,
    1124931.1499999918,
    -1000000000.0,
    1185805.9249999875,
    1147846.2499999856,
    976785.2749999943,
    1095165.3999999915,
    1182690.9749999868,
    1152745.0249999897,
    1213463.7999999877,
    1310179.5499999959,
    1022339.2749999937,
    1099210.149999991,
    1211452.2249999898,
    1547486.099999979,
    1259354.599999987,
    1271345.5249999843
  ],
  "best_individual_metrics": {
    "completed_orders": 43,
    "total_orders": 80,
    "completion_rate": 0.5375,
    "avg_order_processing_time": 653.2558139534884,
    "total_completion_time": 28090,
    "execution_time_seconds": 509.48191475868225,
    "avg_wait_time": 30.816666666666666,
    "max_wait_time": 31,
    "total_wait_time": 1849.0,
    "evaluation_ticks": 3623,
    "total_energy_consumed": 1387.5467321552467,
    "energy_per_order": 32.26852865477318,
    "robot_utilization": 0.9225833333333332,
    "total_stop_go_events": 2460,
    "avg_traffic_rate": 0.02454956336940882,
    "avg_intersection_congestion": 1.0769230769230769,
    "max_intersection_congestion": 2,
    "spillback_penalty_total": 0.0,
    "signal_switch_count": 1924,
    "total_reward": 1547486.099999979
  }
}