{
  "generation": 13,
  "best_idx": 7,
  "best_fitness": 2.854924876254469,
  "all_fitness": [
    1.5807776930841728,
    1.3052284983300562,
    1.7693290447032803,
    1.769354852584617,
    1.9862195415184043,
    1.985676349586763,
    2.3236685202241456,
    2.854924876254469,
    2.3443632202516844,
    1.7480637350239132,
    1.6550884709435085,
    1.7679434481766085,
    1.7039023033821574,
    2.132481192608525,
    1.6312115211375193,
    1.02832937679144,
    1.7444612256350116,
    1.7059852587547368,
    1.4080964499668356,
    1.6210261855674757
  ],
  "best_individual_metrics": {
    "completed_orders": 17,
    "total_orders": 58,
    "completion_rate": 0.29310344827586204,
    "avg_order_processing_time": 265.29411764705884,
    "total_completion_time": 4510,
    "execution_time_seconds": 182.2551929950714,
    "avg_wait_time": 30.6,
    "max_wait_time": 31,
    "total_wait_time": 1224.0,
    "evaluation_ticks": 821,
    "total_energy_consumed": 1192.4505728402642,
    "energy_per_order": 70.14415134354495,
    "robot_utilization": 0.8866666666666608,
    "total_stop_go_events": 879,
    "avg_traffic_rate": 0.0236981962387222,
    "avg_intersection_congestion": 1.0714285714285714,
    "max_intersection_congestion": 2,
    "spillback_penalty_total": 8790.0,
    "signal_switch_count": 651,
    "total_reward": 0.0
  }
}