{
  "generation": 30,
  "best_idx": 17,
  "best_fitness": 3.0410992634055853,
  "all_fitness": [
    2.2183443778414977,
    2.9369506268067784,
    0.9246086589779093,
    1.7414410029296976,
    1.579351423960477,
    1.4117758300188528,
    -1000000000.0,
    1.6955717134576025,
    1.6744953743021034,
    2.4070537173545987,
    2.813089229023316,
    1.2884160678985155,
    2.182927707253896,
    1.4895269531953912,
    1.6808584492714336,
    2.025938732038402,
    2.310842963852113,
    3.0410992634055853,
    1.7013095707758104,
    2.9575434846826587
  ],
  "best_individual_metrics": {
    "completed_orders": 16,
    "total_orders": 58,
    "completion_rate": 0.27586206896551724,
    "avg_order_processing_time": 273.125,
    "total_completion_time": 4370,
    "execution_time_seconds": 174.26293802261353,
    "avg_wait_time": 31.0,
    "max_wait_time": 31,
    "total_wait_time": 1116.0,
    "evaluation_ticks": 1312,
    "total_energy_consumed": 945.1084160721925,
    "energy_per_order": 59.069276004512034,
    "robot_utilization": 0.8186666666666575,
    "total_stop_go_events": 833,
    "avg_traffic_rate": 0.022825804675045726,
    "avg_intersection_congestion": 1.2727272727272727,
    "max_intersection_congestion": 3,
    "spillback_penalty_total": 7428.0,
    "signal_switch_count": 691,
    "total_reward": 0.0
  }
}