{
  "generation": 1,
  "best_idx": 1,
  "best_fitness": 1442832.4249999875,
  "all_fitness": [
    1112934.0749999871,
    1442832.4249999875,
    1056439.399999992,
    1155118.5749999895,
    1032833.6499999937,
    1254432.424999986,
    1099429.0999999912,
    898896.1499999951,
    955923.4999999902,
    1098927.349999993,
    1020006.3749999965,
    915080.624999998,
    1087396.0499999907,
    1192510.7749999876,
    925061.099999994,
    1198171.6249999893,
    936015.5249999922,
    1189990.9999999844,
    1114346.6499999943,
    1360500.449999986
  ],
  "best_individual_metrics": {
    "completed_orders": 54,
    "total_orders": 80,
    "completion_rate": 0.675,
    "avg_order_processing_time": 652.074074074074,
    "total_completion_time": 35212,
    "execution_time_seconds": 532.5965783596039,
    "avg_wait_time": 31.0,
    "max_wait_time": 31,
    "total_wait_time": 1984.0,
    "evaluation_ticks": 2973,
    "total_energy_consumed": 3342.498101756499,
    "energy_per_order": 61.89811299549073,
    "robot_utilization": 0.9396249999999998,
    "total_stop_go_events": 2974,
    "avg_traffic_rate": 0.03174054818089462,
    "avg_intersection_congestion": 1.2,
    "max_intersection_congestion": 3,
    "spillback_penalty_total": 0.0,
    "signal_switch_count": 2348,
    "total_reward": 1442832.4249999875
  }
}