{
  "generation": 10,
  "best_idx": 6,
  "best_fitness": 2.283213480289361,
  "all_fitness": [
    1.2493301806135368,
    1.3712111544538708,
    1.6088520598329732,
    2.019909738439539,
    -1000000000.0,
    1.8199609729068567,
    2.283213480289361,
    2.2591061646069988,
    1.661742140912173,
    1.5891452860290478,
    1.2280821878334447,
    2.026104765619812,
    1.1420595290182016,
    1.5960787302497388,
    -1000000000.0,
    1.9744749754773998,
    1.4236719456335527,
    1.6247447094943666,
    -1000000000.0,
    1.5654892968240812
  ],
  "best_individual_metrics": {
    "completed_orders": 19,
    "total_orders": 58,
    "completion_rate": 0.3275862068965517,
    "avg_order_processing_time": 278.5263157894737,
    "total_completion_time": 5292,
    "execution_time_seconds": 197.55733227729797,
    "avg_wait_time": 30.324324324324323,
    "max_wait_time": 31,
    "total_wait_time": 1122.0,
    "evaluation_ticks": 846,
    "total_energy_consumed": 1962.0936487811964,
    "energy_per_order": 103.2680867779577,
    "robot_utilization": 0.8102222222222126,
    "total_stop_go_events": 989,
    "avg_traffic_rate": 0.02694632791440355,
    "avg_intersection_congestion": 1.125,
    "max_intersection_congestion": 2,
    "spillback_penalty_total": 13447.0,
    "signal_switch_count": 751,
    "total_reward": 0.0
  }
}