{
  "generation": 3,
  "best_idx": 13,
  "best_fitness": 3.6781293358346714,
  "all_fitness": [
    3.094570852912402,
    3.004305205389686,
    2.286326960083913,
    1.9787181071985795,
    2.493418318019259,
    2.238797514755343,
    3.076882719179111,
    2.1764495957146592,
    -1000000000.0,
    3.3761064893834356,
    -1000000000.0,
    2.7043832427654007,
    2.6841444889673562,
    3.6781293358346714,
    2.5076908039298953,
    1.6564660466326555,
    3.355446050071142,
    3.275720301782342,
    2.9227900003351963,
    2.596499963133512
  ],
  "best_individual_metrics": {
    "completed_orders": 39,
    "total_orders": 48,
    "completion_rate": 0.8125,
    "avg_order_processing_time": 311.5897435897436,
    "total_completion_time": 12152,
    "execution_time_seconds": 462.5167064666748,
    "avg_wait_time": 31.0,
    "max_wait_time": 31,
    "total_wait_time": 1798.0,
    "evaluation_ticks": 3339,
    "total_energy_consumed": 1894.3208581416113,
    "energy_per_order": 48.572329695938755,
    "robot_utilization": 0.8780416666666664,
    "total_stop_go_events": 2468,
    "avg_traffic_rate": 0.023308289093925138,
    "avg_intersection_congestion": 1.1666666666666667,
    "max_intersection_congestion": 2,
    "spillback_penalty_total": 13017.0,
    "signal_switch_count": 1885,
    "total_reward": 0.0
  }
}