{
  "generation": 18,
  "best_idx": 18,
  "best_fitness": 5.047215476231548,
  "all_fitness": [
    3.40636873717567,
    3.4809709519168965,
    3.6956338675856792,
    3.5752560223090493,
    3.756546866601919,
    4.7961134269826955,
    -1000000000.0,
    3.0770751843697166,
    3.3674778091630664,
    4.397315235320483,
    3.974484321026406,
    4.589714418170593,
    -1000000000.0,
    3.436587740504534,
    3.0170235579649773,
    3.766008732819016,
    3.299377580305396,
    4.232927554403025,
    5.047215476231548,
    4.144555172600146
  ],
  "best_individual_metrics": {
    "completed_orders": 44,
    "total_orders": 80,
    "completion_rate": 0.55,
    "avg_order_processing_time": 652.1136363636364,
    "total_completion_time": 28693,
    "execution_time_seconds": 491.53108978271484,
    "avg_wait_time": 31.0,
    "max_wait_time": 31,
    "total_wait_time": 1984.0,
    "evaluation_ticks": 3645,
    "total_energy_consumed": 1393.5626008821473,
    "energy_per_order": 31.671877292776074,
    "robot_utilization": 0.9152083333333332,
    "total_stop_go_events": 2558,
    "avg_traffic_rate": 0.02381580831859664,
    "avg_intersection_congestion": 1.25,
    "max_intersection_congestion": 2,
    "spillback_penalty_total": 9296.0,
    "signal_switch_count": 1921,
    "total_reward": 0.0
  }
}