{
  "generation": 28,
  "best_idx": 13,
  "best_fitness": 3.8890595099601004,
  "all_fitness": [
    3.790089113362668,
    2.444976888692467,
    3.4031535012262197,
    2.7680377884313874,
    3.264063425720487,
    2.4807672139960237,
    2.720668229792789,
    2.4915575518206334,
    2.934678962769149,
    3.0362105475280843,
    2.6487363622882967,
    2.907791459034371,
    3.431942675718245,
    3.8890595099601004,
    3.441847871107461,
    2.716153447380486,
    2.5871448357484588,
    2.5285349965721227,
    3.427877522448905,
    2.4695458040810787
  ],
  "best_individual_metrics": {
    "completed_orders": 37,
    "total_orders": 47,
    "completion_rate": 0.7872340425531915,
    "avg_order_processing_time": 265.02702702702703,
    "total_completion_time": 9806,
    "execution_time_seconds": 473.30078959465027,
    "avg_wait_time": 31.0,
    "max_wait_time": 31,
    "total_wait_time": 2046.0,
    "evaluation_ticks": 3449,
    "total_energy_consumed": 1927.3659585080345,
    "energy_per_order": 52.0909718515685,
    "robot_utilization": 0.6074999999999993,
    "total_stop_go_events": 2284,
    "avg_traffic_rate": 0.024111811316442387,
    "avg_intersection_congestion": 1.0,
    "max_intersection_congestion": 1,
    "spillback_penalty_total": 10835.0,
    "signal_switch_count": 1740,
    "total_reward": 0.0
  }
}