{
  "generation": 21,
  "best_idx": 14,
  "best_fitness": 1418898.2999999835,
  "all_fitness": [
    1348144.174999983,
    -1000000000.0,
    1044766.6749999914,
    1166426.474999993,
    1029737.4999999937,
    1046108.4499999866,
    986384.0249999913,
    1130769.1999999888,
    1206877.6749999856,
    788439.8999999969,
    1140678.4499999937,
    1058159.2999999898,
    1013371.074999989,
    -1000000000.0,
    1418898.2999999835,
    1235521.1999999855,
    1263154.5999999878,
    1245419.4749999824,
    1245824.7999999896,
    1067785.9249999921
  ],
  "best_individual_metrics": {
    "completed_orders": 46,
    "total_orders": 80,
    "completion_rate": 0.575,
    "avg_order_processing_time": 664.6739130434783,
    "total_completion_time": 30575,
    "execution_time_seconds": 418.75483083724976,
    "avg_wait_time": 30.75,
    "max_wait_time": 31,
    "total_wait_time": 1845.0,
    "evaluation_ticks": 3507,
    "total_energy_consumed": 2366.7469375861483,
    "energy_per_order": 51.45102038230757,
    "robot_utilization": 0.9232916666666664,
    "total_stop_go_events": 2586,
    "avg_traffic_rate": 0.02453328276611576,
    "avg_intersection_congestion": 1.4545454545454546,
    "max_intersection_congestion": 3,
    "spillback_penalty_total": 0.0,
    "signal_switch_count": 1908,
    "total_reward": 1418898.2999999835
  }
}