{
  "generation": 10,
  "best_idx": 8,
  "best_fitness": 206975.10000000053,
  "all_fitness": [
    125669.14999999948,
    114292.87499999991,
    108976.19999999994,
    114426.44999999975,
    110706.14999999979,
    115854.87499999985,
    125440.07499999984,
    131198.24999999953,
    206975.10000000053,
    94446.64999999963,
    122368.97499999979,
    152892.3999999997,
    122223.99999999974,
    109616.57499999946,
    128982.12499999974,
    104509.54999999971,
    114917.89999999972,
    164146.20000000077,
    132218.34999999948,
    121846.09999999934
  ],
  "best_individual_metrics": {
    "completed_orders": 6,
    "total_orders": 58,
    "completion_rate": 0.10344827586206896,
    "avg_order_processing_time": 259.0,
    "total_completion_time": 1554,
    "execution_time_seconds": 200.3832769393921,
    "avg_wait_time": 31.0,
    "max_wait_time": 31,
    "total_wait_time": 992.0,
    "evaluation_ticks": 1403,
    "total_energy_consumed": 1084.5617682955785,
    "energy_per_order": 180.76029471592975,
    "robot_utilization": 0.7644444444444327,
    "total_stop_go_events": 956,
    "avg_traffic_rate": 0.026106839684555082,
    "avg_intersection_congestion": 1.2857142857142858,
    "max_intersection_congestion": 2,
    "spillback_penalty_total": 0.0,
    "signal_switch_count": 535,
    "total_reward": 206975.10000000053
  }
}