{
  "generation": 16,
  "best_idx": 5,
  "best_fitness": 215888.75000000038,
  "all_fitness": [
    108419.52499999962,
    129903.5499999994,
    114022.99999999972,
    201573.57500000074,
    113161.82499999987,
    215888.75000000038,
    106081.22499999996,
    121880.82499999963,
    147114.89999999976,
    120189.89999999982,
    112800.9499999996,
    119967.32499999984,
    155668.12500000044,
    81961.22499999977,
    163130.1000000004,
    100871.7999999998,
    135414.09999999963,
    123618.69999999974,
    146036.85000000006,
    145401.7499999998
  ],
  "best_individual_metrics": {
    "completed_orders": 13,
    "total_orders": 58,
    "completion_rate": 0.22413793103448276,
    "avg_order_processing_time": 214.92307692307693,
    "total_completion_time": 2794,
    "execution_time_seconds": 190.92353081703186,
    "avg_wait_time": 31.0,
    "max_wait_time": 31,
    "total_wait_time": 1054.0,
    "evaluation_ticks": 1369,
    "total_energy_consumed": 950.4251906445942,
    "energy_per_order": 73.10963004958417,
    "robot_utilization": 0.7909999999999894,
    "total_stop_go_events": 910,
    "avg_traffic_rate": 0.023292982958409824,
    "avg_intersection_congestion": 1.375,
    "max_intersection_congestion": 2,
    "spillback_penalty_total": 0.0,
    "signal_switch_count": 621,
    "total_reward": 215888.75000000038
  }
}