{
  "generation": 28,
  "best_idx": 10,
  "best_fitness": 164871.34999999998,
  "all_fitness": [
    125605.89999999969,
    129672.09999999986,
    127517.02499999966,
    130249.92499999957,
    117332.9249999996,
    127779.84999999989,
    -1000000000.0,
    158327.0999999995,
    96505.92500000012,
    107308.3499999997,
    164871.34999999998,
    127006.12499999988,
    120938.14999999979,
    145981.87500000006,
    138797.07499999995,
    129516.17499999981,
    105163.69999999985,
    122117.17499999974,
    107483.07499999969,
    130369.27499999975
  ],
  "best_individual_metrics": {
    "completed_orders": 13,
    "total_orders": 58,
    "completion_rate": 0.22413793103448276,
    "avg_order_processing_time": 220.92307692307693,
    "total_completion_time": 2872,
    "execution_time_seconds": 126.36799097061157,
    "avg_wait_time": 31.0,
    "max_wait_time": 31,
    "total_wait_time": 1147.0,
    "evaluation_ticks": 1169,
    "total_energy_consumed": 982.1671713770464,
    "energy_per_order": 75.55132087515742,
    "robot_utilization": 0.7923333333333231,
    "total_stop_go_events": 937,
    "avg_traffic_rate": 0.025479555146165365,
    "avg_intersection_congestion": 1.0,
    "max_intersection_congestion": 1,
    "spillback_penalty_total": 0.0,
    "signal_switch_count": 658,
    "total_reward": 164871.34999999998
  }
}