{
  "generation": 27,
  "best_idx": 6,
  "best_fitness": 4.923316930421594,
  "all_fitness": [
    3.4296838862052494,
    3.825814074062362,
    3.622679206044423,
    3.3587353496165933,
    3.71841893688562,
    -1000000000.0,
    4.923316930421594,
    3.5551999748226675,
    4.452087554923041,
    4.269174783327063,
    3.0446294741079316,
    2.75928712696303,
    3.4586979922230503,
    2.5839312764709654,
    4.137916280023043,
    3.62284609883958,
    3.5238687233085506,
    4.056645604839314,
    3.906895766378084,
    4.246527666510697
  ],
  "best_individual_metrics": {
    "completed_orders": 45,
    "total_orders": 80,
    "completion_rate": 0.5625,
    "avg_order_processing_time": 761.4666666666667,
    "total_completion_time": 34266,
    "execution_time_seconds": 501.468389749527,
    "avg_wait_time": 31.0,
    "max_wait_time": 31,
    "total_wait_time": 1674.0,
    "evaluation_ticks": 3531,
    "total_energy_consumed": 1573.5879523602857,
    "energy_per_order": 34.968621163561906,
    "robot_utilization": 0.9306666666666665,
    "total_stop_go_events": 2402,
    "avg_traffic_rate": 0.024324921831820723,
    "avg_intersection_congestion": 1.0625,
    "max_intersection_congestion": 2,
    "spillback_penalty_total": 10123.0,
    "signal_switch_count": 2126,
    "total_reward": 0.0
  }
}