{
  "generation": 10,
  "best_idx": 0,
  "best_fitness": 1437846.0999999896,
  "all_fitness": [
    1437846.0999999896,
    1097090.2249999915,
    1097468.9749999885,
    1317056.574999978,
    1231636.1499999864,
    1221314.6999999897,
    1216032.8999999864,
    939111.3249999911,
    1027697.8499999916,
    1241321.7249999926,
    1033511.4249999904,
    1237374.2999999858,
    -1000000000.0,
    -1000000000.0,
    -1000000000.0,
    1130212.224999989,
    1345571.3999999901,
    1422824.5249999857,
    858007.3249999976,
    1333139.4499999878
  ],
  "best_individual_metrics": {
    "completed_orders": 44,
    "total_orders": 80,
    "completion_rate": 0.55,
    "avg_order_processing_time": 686.6363636363636,
    "total_completion_time": 30212,
    "execution_time_seconds": 521.3805875778198,
    "avg_wait_time": 31.0,
    "max_wait_time": 31,
    "total_wait_time": 1984.0,
    "evaluation_ticks": 3359,
    "total_energy_consumed": 2660.367374002264,
    "energy_per_order": 60.46289486368782,
    "robot_utilization": 0.9433749999999999,
    "total_stop_go_events": 2588,
    "avg_traffic_rate": 0.02505075991476114,
    "avg_intersection_congestion": 1.5555555555555556,
    "max_intersection_congestion": 3,
    "spillback_penalty_total": 0.0,
    "signal_switch_count": 1977,
    "total_reward": 1437846.0999999896
  }
}