{
  "generation": 4,
  "best_idx": 5,
  "best_fitness": 3.64163200311005,
  "all_fitness": [
    2.912561071645021,
    2.362737861250718,
    1.9838910213344567,
    1.6566696947604216,
    1.571677150777736,
    3.64163200311005,
    1.7289556981034073,
    2.3290925177540402,
    1.3623239462447443,
    1.7240151252468654,
    1.8851004023813822,
    2.335203243280682,
    1.6677295527725264,
    1.7429992626057798,
    2.8730882248276344,
    1.7767842279676394,
    1.4985569935992336,
    1.376786224169055,
    1.9483447641103133,
    1.2565637981457922
  ],
  "best_individual_metrics": {
    "completed_orders": 19,
    "total_orders": 24,
    "completion_rate": 0.7916666666666666,
    "avg_order_processing_time": 277.7368421052632,
    "total_completion_time": 5277.0,
    "execution_time_seconds": 162.52164793014526,
    "avg_wait_time": 31.0,
    "max_wait_time": 31,
    "total_wait_time": 1085.0,
    "evaluation_ticks": 1417,
    "total_energy_consumed": 918.819241292551,
    "energy_per_order": 48.35890743645005,
    "robot_utilization": 0.6265555555555368,
    "total_stop_go_events": 915,
    "avg_traffic_rate": 0.02315830945766201,
    "avg_intersection_congestion": 1.0,
    "max_intersection_congestion": 1,
    "spillback_penalty_total": 7343.0,
    "signal_switch_count": 598,
    "total_reward": 0.0
  }
}