{
  "generation": 6,
  "best_idx": 13,
  "best_fitness": 1462993.0499999912,
  "all_fitness": [
    1251060.999999989,
    1065280.8499999922,
    1172820.4249999917,
    1033609.949999989,
    1417671.1499999864,
    1274633.1249999937,
    1186847.5999999873,
    1140812.0499999917,
    1183271.0499999912,
    1139497.7999999896,
    1129860.8499999964,
    1193206.2999999882,
    1174719.2749999918,
    1462993.0499999912,
    1057639.4749999924,
    946199.3499999916,
    1201395.5999999915,
    1096606.8249999902,
    1306686.4499999878,
    1268343.0499999847
  ],
  "best_individual_metrics": {
    "completed_orders": 39,
    "total_orders": 80,
    "completion_rate": 0.4875,
    "avg_order_processing_time": 657.5897435897435,
    "total_completion_time": 25646,
    "execution_time_seconds": 495.09601402282715,
    "avg_wait_time": 31.0,
    "max_wait_time": 31,
    "total_wait_time": 1860.0,
    "evaluation_ticks": 3445,
    "total_energy_consumed": 2346.4367817235975,
    "energy_per_order": 60.16504568522045,
    "robot_utilization": 0.9293333333333331,
    "total_stop_go_events": 2506,
    "avg_traffic_rate": 0.02326061061259254,
    "avg_intersection_congestion": 1.1111111111111112,
    "max_intersection_congestion": 2,
    "spillback_penalty_total": 0.0,
    "signal_switch_count": 1881,
    "total_reward": 1462993.0499999912
  }
}