{
  "generation": 28,
  "best_idx": 8,
  "best_fitness": 2.744799311003855,
  "all_fitness": [
    2.164952642989744,
    1.4179470607346243,
    1.8537654110884512,
    1.6227596128893527,
    2.129445050688494,
    1.7271265166627854,
    -1000000000.0,
    1.3573078352801269,
    2.744799311003855,
    1.9242512213978478,
    2.744051107380804,
    2.0090411588536514,
    1.5303237947309432,
    2.2496275135209434,
    2.1089568638036535,
    1.4058941675709387,
    1.6101865008468246,
    1.727778861809088,
    2.255328822698809,
    1.5403854490940145
  ],
  "best_individual_metrics": {
    "completed_orders": 15,
    "total_orders": 26,
    "completion_rate": 0.5769230769230769,
    "avg_order_processing_time": 243.93333333333334,
    "total_completion_time": 3659.0,
    "execution_time_seconds": 183.61537957191467,
    "avg_wait_time": 31.0,
    "max_wait_time": 31,
    "total_wait_time": 1147.0,
    "evaluation_ticks": 1124,
    "total_energy_consumed": 837.6082159540771,
    "energy_per_order": 55.84054773027181,
    "robot_utilization": 0.8196666666666577,
    "total_stop_go_events": 875,
    "avg_traffic_rate": 0.025481912450204626,
    "avg_intersection_congestion": 1.5,
    "max_intersection_congestion": 2,
    "spillback_penalty_total": 7846.0,
    "signal_switch_count": 693,
    "total_reward": 0.0
  }
}