{
  "generation": 21,
  "best_idx": 2,
  "best_fitness": 4.550285995754537,
  "all_fitness": [
    3.384963733538927,
    4.540275333185984,
    4.550285995754537,
    3.289680066995921,
    4.3039094010209515,
    3.8111408689718638,
    -1000000000.0,
    3.070451770088612,
    3.2628685316815598,
    3.823732574878209,
    2.868895947821289,
    3.472169840378258,
    3.9872137750424415,
    4.064694006357825,
    3.59516865087549,
    3.1536168354238927,
    4.087473364523643,
    3.390101372197294,
    4.060987601785766,
    3.715236653637656
  ],
  "best_individual_metrics": {
    "completed_orders": 44,
    "total_orders": 80,
    "completion_rate": 0.55,
    "avg_order_processing_time": 663.8409090909091,
    "total_completion_time": 29209,
    "execution_time_seconds": 492.0685591697693,
    "avg_wait_time": 31.0,
    "max_wait_time": 31,
    "total_wait_time": 2139.0,
    "evaluation_ticks": 3544,
    "total_energy_consumed": 2214.437265266466,
    "energy_per_order": 50.32811966514696,
    "robot_utilization": 0.9455833333333332,
    "total_stop_go_events": 2494,
    "avg_traffic_rate": 0.024547183809890353,
    "avg_intersection_congestion": 1.3,
    "max_intersection_congestion": 3,
    "spillback_penalty_total": 11118.0,
    "signal_switch_count": 1852,
    "total_reward": 0.0
  }
}