{
  "generation": 19,
  "best_idx": 2,
  "best_fitness": 1496782.3749999872,
  "all_fitness": [
    1203081.5249999901,
    1192268.5749999876,
    1496782.3749999872,
    1350214.0749999834,
    1143897.7499999942,
    1201333.199999994,
    1221001.124999992,
    1104267.4749999903,
    1239450.9749999861,
    1169622.724999987,
    1370468.8749999872,
    1404900.1999999948,
    973632.9249999914,
    1234766.8249999934,
    1190793.8999999906,
    1002496.0749999942,
    1274398.324999992,
    1142886.17499999,
    1250046.1749999807,
    1202120.2249999875
  ],
  "best_individual_metrics": {
    "completed_orders": 45,
    "total_orders": 80,
    "completion_rate": 0.5625,
    "avg_order_processing_time": 621.7333333333333,
    "total_completion_time": 27978,
    "execution_time_seconds": 509.6073799133301,
    "avg_wait_time": 31.0,
    "max_wait_time": 31,
    "total_wait_time": 1829.0,
    "evaluation_ticks": 3437,
    "total_energy_consumed": 2608.6609991582404,
    "energy_per_order": 57.97024442573868,
    "robot_utilization": 0.8989166666666666,
    "total_stop_go_events": 2693,
    "avg_traffic_rate": 0.023553852237135773,
    "avg_intersection_congestion": 1.3333333333333333,
    "max_intersection_congestion": 3,
    "spillback_penalty_total": 0.0,
    "signal_switch_count": 1930,
    "total_reward": 1496782.3749999872
  }
}