{
  "generation": 3,
  "best_idx": 7,
  "best_fitness": 145732.02500000055,
  "all_fitness": [
    73964.29999999983,
    67734.79999999981,
    128968.5999999996,
    138057.10000000006,
    125951.2250000001,
    112948.2749999999,
    111104.07499999987,
    145732.02500000055,
    135920.09999999992,
    97103.94999999995,
    119957.94999999968,
    129170.12499999949,
    97739.14999999975,
    130291.94999999975,
    124190.62499999959,
    -1000000000.0,
    125347.42499999989,
    -1000000000.0,
    63265.399999999856,
    80355.47499999987
  ],
  "best_individual_metrics": {
    "completed_orders": 12,
    "total_orders": 58,
    "completion_rate": 0.20689655172413793,
    "avg_order_processing_time": 314.8333333333333,
    "total_completion_time": 3778,
    "execution_time_seconds": 155.60903024673462,
    "avg_wait_time": 29.766666666666666,
    "max_wait_time": 31,
    "total_wait_time": 893.0,
    "evaluation_ticks": 1042,
    "total_energy_consumed": 2070.8073214652536,
    "energy_per_order": 172.56727678877112,
    "robot_utilization": 0.7858888888888778,
    "total_stop_go_events": 852,
    "avg_traffic_rate": 0.02105446502754067,
    "avg_intersection_congestion": 1.1428571428571428,
    "max_intersection_congestion": 2,
    "spillback_penalty_total": 0.0,
    "signal_switch_count": 515,
    "total_reward": 145732.02500000055
  }
}