{
  "generation": 11,
  "best_idx": 16,
  "best_fitness": 1532601.799999982,
  "all_fitness": [
    1298845.5499999907,
    1217557.8999999885,
    1087464.199999993,
    1151114.7499999902,
    873218.7499999959,
    1160891.1249999912,
    1084399.6999999897,
    1207628.749999988,
    1152483.8749999937,
    1104355.599999991,
    1062421.5499999907,
    851322.0749999955,
    1149168.7249999922,
    1170822.1499999943,
    1123402.8499999933,
    1453381.0999999922,
    1532601.799999982,
    1368801.2749999892,
    1168872.7999999893,
    1064997.9249999938
  ],
  "best_individual_metrics": {
    "completed_orders": 45,
    "total_orders": 80,
    "completion_rate": 0.5625,
    "avg_order_processing_time": 648.3333333333334,
    "total_completion_time": 29175,
    "execution_time_seconds": 488.897488117218,
    "avg_wait_time": 31.0,
    "max_wait_time": 31,
    "total_wait_time": 2201.0,
    "evaluation_ticks": 3465,
    "total_energy_consumed": 1902.2757799484214,
    "energy_per_order": 42.27279510996492,
    "robot_utilization": 0.9094999999999998,
    "total_stop_go_events": 2585,
    "avg_traffic_rate": 0.025005771403839163,
    "avg_intersection_congestion": 1.4444444444444444,
    "max_intersection_congestion": 4,
    "spillback_penalty_total": 0.0,
    "signal_switch_count": 1952,
    "total_reward": 1532601.799999982
  }
}