{
  "generation": 11,
  "best_idx": 3,
  "best_fitness": 175860.67500000028,
  "all_fitness": [
    105195.07499999995,
    118894.09999999958,
    98869.07499999994,
    175860.67500000028,
    118073.32499999985,
    -1000000000.0,
    124646.69999999953,
    144030.0249999999,
    98886.82499999978,
    125573.89999999932,
    100926.09999999993,
    120504.7749999997,
    145714.64999999976,
    138693.42499999964,
    115575.84999999964,
    140113.97499999957,
    -1000000000.0,
    -1000000000.0,
    -1000000000.0,
    -1000000000.0
  ],
  "best_individual_metrics": {
    "completed_orders": 15,
    "total_orders": 58,
    "completion_rate": 0.25862068965517243,
    "avg_order_processing_time": 232.2,
    "total_completion_time": 3483,
    "execution_time_seconds": 187.41034293174744,
    "avg_wait_time": 31.0,
    "max_wait_time": 31,
    "total_wait_time": 1302.0,
    "evaluation_ticks": 1192,
    "total_energy_consumed": 869.0217812494552,
    "energy_per_order": 57.93478541663035,
    "robot_utilization": 0.8047777777777683,
    "total_stop_go_events": 926,
    "avg_traffic_rate": 0.025274805626853834,
    "avg_intersection_congestion": 1.1111111111111112,
    "max_intersection_congestion": 2,
    "spillback_penalty_total": 0.0,
    "signal_switch_count": 605,
    "total_reward": 175860.67500000028
  }
}