{
  "generation": 8,
  "best_idx": 9,
  "best_fitness": 5.260940261217161,
  "all_fitness": [
    2.987512866332783,
    3.6632109260844747,
    2.9907547545695308,
    3.1784704605570293,
    2.8802634918490986,
    2.918288286084213,
    3.1101204280277326,
    3.3881271997521085,
    2.7107629146082326,
    5.260940261217161,
    3.121164887938462,
    4.487687763985752,
    4.602630144073509,
    -1000000000.0,
    -1000000000.0,
    2.9032038972815664,
    3.4769941025424242,
    4.243342565141016,
    3.1031068357177025,
    3.4177063685149798
  ],
  "best_individual_metrics": {
    "completed_orders": 45,
    "total_orders": 80,
    "completion_rate": 0.5625,
    "avg_order_processing_time": 625.6888888888889,
    "total_completion_time": 28156,
    "execution_time_seconds": 453.44330382347107,
    "avg_wait_time": 31.0,
    "max_wait_time": 31,
    "total_wait_time": 1736.0,
    "evaluation_ticks": 3771,
    "total_energy_consumed": 1452.0811845302069,
    "energy_per_order": 32.26847076733793,
    "robot_utilization": 0.9194999999999999,
    "total_stop_go_events": 2539,
    "avg_traffic_rate": 0.024979169194060617,
    "avg_intersection_congestion": 1.0,
    "max_intersection_congestion": 1,
    "spillback_penalty_total": 8962.0,
    "signal_switch_count": 1993,
    "total_reward": 0.0
  }
}