{
  "generation": 20,
  "best_idx": 5,
  "best_fitness": 5.732120819378607,
  "all_fitness": [
    4.086084261681626,
    3.4909486938539227,
    3.4023609636295857,
    3.5611588504191842,
    3.1214121559557384,
    5.732120819378607,
    3.418959796708977,
    3.7564142544072094,
    4.230526362050601,
    4.1867541351974475,
    4.9282052979627435,
    4.713507812296566,
    3.772514654894579,
    2.6485638299553957,
    3.263879624238463,
    3.338534911714668,
    3.322257736489767,
    3.129051171432607,
    3.0437049100128166,
    3.3895858213597188
  ],
  "best_individual_metrics": {
    "completed_orders": 45,
    "total_orders": 80,
    "completion_rate": 0.5625,
    "avg_order_processing_time": 666.3111111111111,
    "total_completion_time": 29984,
    "execution_time_seconds": 539.4521243572235,
    "avg_wait_time": 30.825396825396826,
    "max_wait_time": 31,
    "total_wait_time": 1942.0,
    "evaluation_ticks": 3823,
    "total_energy_consumed": 1519.9493339626983,
    "energy_per_order": 33.77665186583774,
    "robot_utilization": 0.9153749999999998,
    "total_stop_go_events": 2338,
    "avg_traffic_rate": 0.025140108551809006,
    "avg_intersection_congestion": 1.1818181818181819,
    "max_intersection_congestion": 2,
    "spillback_penalty_total": 7549.0,
    "signal_switch_count": 1932,
    "total_reward": 0.0
  }
}