{
  "generation": 23,
  "best_idx": 1,
  "best_fitness": 4.999461766652367,
  "all_fitness": [
    2.5184191304626578,
    4.999461766652367,
    2.8839263638162587,
    2.5211003604360704,
    2.4190424666809385,
    3.9341143709290307,
    2.9018325708857615,
    2.4200534933968028,
    3.8720208776859795,
    2.7516123966984707,
    2.4600103929690382,
    3.8515588751785663,
    3.0808489717362035,
    3.3071242999131782,
    2.738362171734061,
    2.7490566496134123,
    2.448604641955562,
    2.6539781901220287,
    2.641578022617601,
    2.71413373171653
  ],
  "best_individual_metrics": {
    "completed_orders": 39,
    "total_orders": 48,
    "completion_rate": 0.8125,
    "avg_order_processing_time": 284.5897435897436,
    "total_completion_time": 11099,
    "execution_time_seconds": 468.975026845932,
    "avg_wait_time": 31.0,
    "max_wait_time": 31,
    "total_wait_time": 1674.0,
    "evaluation_ticks": 3751,
    "total_energy_consumed": 1636.794588338411,
    "energy_per_order": 41.9690920086772,
    "robot_utilization": 0.7959999999999996,
    "total_stop_go_events": 2409,
    "avg_traffic_rate": 0.02463371923703529,
    "avg_intersection_congestion": 1.0769230769230769,
    "max_intersection_congestion": 2,
    "spillback_penalty_total": 7438.0,
    "signal_switch_count": 1812,
    "total_reward": 0.0
  }
}