{
  "generation": 1,
  "best_idx": 0,
  "best_fitness": 262.20000000000005,
  "all_fitness": [
    262.20000000000005
  ]
}