{
  "generation": 13,
  "best_idx": 12,
  "best_fitness": 5.635655802306512,
  "all_fitness": [
    3.5280293686806177,
    3.4522136853517296,
    4.236197123208718,
    4.140937822592516,
    2.802895130301336,
    -1000000000.0,
    2.850395821383653,
    4.656475902840879,
    3.2728460689819756,
    -1000000000.0,
    -1000000000.0,
    -1000000000.0,
    5.635655802306512,
    -1000000000.0,
    3.3339932129255425,
    3.5826101233036995,
    3.37640878078737,
    4.257579147318834,
    3.4931262336765405,
    3.6545998080000492
  ],
  "best_individual_metrics": {
    "completed_orders": 45,
    "total_orders": 80,
    "completion_rate": 0.5625,
    "avg_order_processing_time": 632.0222222222222,
    "total_completion_time": 28441,
    "execution_time_seconds": 332.44773745536804,
    "avg_wait_time": 30.19047619047619,
    "max_wait_time": 31,
    "total_wait_time": 1902.0,
    "evaluation_ticks": 3908,
    "total_energy_consumed": 1327.4746165460147,
    "energy_per_order": 29.49943592324477,
    "robot_utilization": 0.9320416666666663,
    "total_stop_go_events": 2511,
    "avg_traffic_rate": 0.02290815180656132,
    "avg_intersection_congestion": 1.1428571428571428,
    "max_intersection_congestion": 2,
    "spillback_penalty_total": 7837.0,
    "signal_switch_count": 1953,
    "total_reward": 0.0
  }
}