{
  "generation": 13,
  "best_idx": 3,
  "best_fitness": 143196.39999999997,
  "all_fitness": [
    56599.874999999935,
    105616.39999999989,
    123312.89999999975,
    143196.39999999997,
    120401.49999999988,
    140607.0999999998,
    100567.39999999985,
    129500.59999999999,
    140654.15000000002,
    -1000000000.0,
    81991.52499999966,
    94210.57499999975,
    89499.64999999994,
    119564.7499999998,
    134615.59999999998,
    54855.39999999998,
    93202.84999999976,
    137842.14999999982,
    103059.94999999978,
    129033.725
  ],
  "best_individual_metrics": {
    "completed_orders": 17,
    "total_orders": 58,
    "completion_rate": 0.29310344827586204,
    "avg_order_processing_time": 259.29411764705884,
    "total_completion_time": 4408,
    "execution_time_seconds": 149.24235677719116,
    "avg_wait_time": 31.0,
    "max_wait_time": 31,
    "total_wait_time": 1085.0,
    "evaluation_ticks": 921,
    "total_energy_consumed": 1390.565290705105,
    "energy_per_order": 81.79795827677088,
    "robot_utilization": 0.8719999999999934,
    "total_stop_go_events": 1096,
    "avg_traffic_rate": 0.02474542069381571,
    "avg_intersection_congestion": 1.3333333333333333,
    "max_intersection_congestion": 2,
    "spillback_penalty_total": 0.0,
    "signal_switch_count": 743,
    "total_reward": 143196.39999999997
  }
}