{
  "generation": 8,
  "best_idx": 11,
  "best_fitness": 3.8603366397536676,
  "all_fitness": [
    2.7497700940349388,
    2.656341203163867,
    3.0878677973771715,
    2.1385217909338063,
    2.5599826989627346,
    2.544490614804633,
    1.8946905898288549,
    3.5844663252676248,
    2.4861189752104336,
    3.294522348547213,
    2.5627887909873848,
    3.8603366397536676,
    2.880983171581076,
    1.7352105774350175,
    2.3992098354266727,
    3.349143129656233,
    2.44267525124449,
    3.6595200375641688,
    2.469778955392873,
    2.5217741920834786
  ],
  "best_individual_metrics": {
    "completed_orders": 38,
    "total_orders": 48,
    "completion_rate": 0.7916666666666666,
    "avg_order_processing_time": 285.8421052631579,
    "total_completion_time": 10862,
    "execution_time_seconds": 462.4627118110657,
    "avg_wait_time": 31.0,
    "max_wait_time": 31,
    "total_wait_time": 1891.0,
    "evaluation_ticks": 3214,
    "total_energy_consumed": 2424.021759527886,
    "energy_per_order": 63.79004630336542,
    "robot_utilization": 0.779166666666666,
    "total_stop_go_events": 2382,
    "avg_traffic_rate": 0.0211064114344238,
    "avg_intersection_congestion": 1.1666666666666667,
    "max_intersection_congestion": 2,
    "spillback_penalty_total": 11445.0,
    "signal_switch_count": 1843,
    "total_reward": 0.0
  }
}