{
  "generation": 26,
  "best_idx": 6,
  "best_fitness": 1656758.8999999943,
  "all_fitness": [
    1113195.9499999864,
    920724.1999999948,
    1237513.4249999921,
    1251374.8499999875,
    1408689.5499999872,
    1099451.4499999895,
    1656758.8999999943,
    -1000000000.0,
    1516540.3499999815,
    1356184.4999999835,
    -1000000000.0,
    1005703.0749999939,
    1118894.6999999923,
    1040999.1249999856,
    1504999.0749999909,
    1018126.3249999913,
    1405632.1749999886,
    1244736.2999999905,
    902865.8249999885,
    1463177.4249999837
  ],
  "best_individual_metrics": {
    "completed_orders": 44,
    "total_orders": 80,
    "completion_rate": 0.55,
    "avg_order_processing_time": 646.2954545454545,
    "total_completion_time": 28437,
    "execution_time_seconds": 497.69436287879944,
    "avg_wait_time": 31.0,
    "max_wait_time": 31,
    "total_wait_time": 1798.0,
    "evaluation_ticks": 3897,
    "total_energy_consumed": 1308.760475813615,
    "energy_per_order": 29.744556268491248,
    "robot_utilization": 0.9149999999999998,
    "total_stop_go_events": 2439,
    "avg_traffic_rate": 0.023256543395029163,
    "avg_intersection_congestion": 1.2,
    "max_intersection_congestion": 3,
    "spillback_penalty_total": 0.0,
    "signal_switch_count": 1884,
    "total_reward": 1656758.8999999943
  }
}