{
  "generation": 22,
  "best_idx": 14,
  "best_fitness": 4.394300060940565,
  "all_fitness": [
    2.6755747793257583,
    -1000000000.0,
    2.7737654507560543,
    3.7573712073012335,
    3.4786608345749968,
    2.241704317193323,
    3.24236422980413,
    3.4441643459572653,
    2.7709181697884113,
    2.67317770525161,
    2.4494497762311953,
    2.789276808658875,
    2.686243851195174,
    3.1058032689086947,
    4.394300060940565,
    3.9499737279196196,
    2.2961129117248777,
    2.920054060680669,
    2.4685882620493946,
    2.709902273634017
  ],
  "best_individual_metrics": {
    "completed_orders": 40,
    "total_orders": 48,
    "completion_rate": 0.8333333333333334,
    "avg_order_processing_time": 230.925,
    "total_completion_time": 9237,
    "execution_time_seconds": 465.7117955684662,
    "avg_wait_time": 31.0,
    "max_wait_time": 31,
    "total_wait_time": 1612.0,
    "evaluation_ticks": 3832,
    "total_energy_consumed": 1994.0219070375383,
    "energy_per_order": 49.85054767593846,
    "robot_utilization": 0.48112499999999886,
    "total_stop_go_events": 2333,
    "avg_traffic_rate": 0.022001302675459612,
    "avg_intersection_congestion": 1.6666666666666667,
    "max_intersection_congestion": 4,
    "spillback_penalty_total": 10006.0,
    "signal_switch_count": 1722,
    "total_reward": 0.0
  }
}