{
  "generation": 24,
  "best_idx": 6,
  "best_fitness": 3.5238588216484814,
  "all_fitness": [
    3.255137639391428,
    2.5578236650542197,
    -1000000000.0,
    2.597699882795145,
    2.872531455279701,
    2.544104103369379,
    3.5238588216484814,
    2.768816521639483,
    3.4055293560368365,
    3.2317815089820687,
    3.108769157110808,
    3.1444715840643336,
    3.4083996516154684,
    2.932765419911743,
    3.2017152432286005,
    2.7222019959946384,
    -1000000000.0,
    2.4775156472204722,
    2.3866622484953965,
    2.3541965823043665
  ],
  "best_individual_metrics": {
    "completed_orders": 37,
    "total_orders": 48,
    "completion_rate": 0.7708333333333334,
    "avg_order_processing_time": 319.3783783783784,
    "total_completion_time": 11817,
    "execution_time_seconds": 495.0122482776642,
    "avg_wait_time": 30.236363636363638,
    "max_wait_time": 31,
    "total_wait_time": 1663.0,
    "evaluation_ticks": 3251,
    "total_energy_consumed": 2557.062056373158,
    "energy_per_order": 69.10978530738265,
    "robot_utilization": 0.9395416666666666,
    "total_stop_go_events": 2332,
    "avg_traffic_rate": 0.021725453385445806,
    "avg_intersection_congestion": 1.1666666666666667,
    "max_intersection_congestion": 2,
    "spillback_penalty_total": 12744.0,
    "signal_switch_count": 1884,
    "total_reward": 0.0
  }
}