{
  "generation": 20,
  "best_idx": 5,
  "best_fitness": 3.050643468536799,
  "all_fitness": [
    1.9880088638303401,
    0.9427032841727015,
    2.0291044867743593,
    2.3957152023188866,
    1.6305970360395692,
    3.050643468536799,
    1.4161990654303152,
    2.4220822604186423,
    -1000000000.0,
    2.1539418897865836,
    -1000000000.0,
    1.9303018951526694,
    1.946246082940036,
    -1000000000.0,
    2.4103341273102874,
    1.634439113531985,
    1.2175021256357927,
    2.5278733708357364,
    2.2210754257365077,
    1.4531274647991357
  ],
  "best_individual_metrics": {
    "completed_orders": 17,
    "total_orders": 58,
    "completion_rate": 0.29310344827586204,
    "avg_order_processing_time": 303.1764705882353,
    "total_completion_time": 5154,
    "execution_time_seconds": 178.17112183570862,
    "avg_wait_time": 31.0,
    "max_wait_time": 31,
    "total_wait_time": 992.0,
    "evaluation_ticks": 1177,
    "total_energy_consumed": 1081.896362708053,
    "energy_per_order": 63.64096251223841,
    "robot_utilization": 0.8399999999999919,
    "total_stop_go_events": 933,
    "avg_traffic_rate": 0.02578929452491654,
    "avg_intersection_congestion": 1.0714285714285714,
    "max_intersection_congestion": 2,
    "spillback_penalty_total": 8037.0,
    "signal_switch_count": 628,
    "total_reward": 0.0
  }
}