{
  "generation": 24,
  "best_idx": 2,
  "best_fitness": 2.7100175953103522,
  "all_fitness": [
    1.2914698391869877,
    1.6862368275062651,
    2.7100175953103522,
    1.6249011283961792,
    2.4839895129825207,
    1.7566068302984892,
    -1000000000.0,
    2.493847483546332,
    2.4498137150077866,
    1.8607340664974952,
    2.1193686913055285,
    1.5236066871396952,
    1.1531436825888968,
    1.741111222238251,
    1.6656565885103958,
    1.3549427742828979,
    2.4448071449204885,
    1.4878140459040194,
    1.4529560935376362,
    1.602930700871453
  ],
  "best_individual_metrics": {
    "completed_orders": 15,
    "total_orders": 24,
    "completion_rate": 0.625,
    "avg_order_processing_time": 208.2,
    "total_completion_time": 3123.0,
    "execution_time_seconds": 165.81147575378418,
    "avg_wait_time": 30.763157894736842,
    "max_wait_time": 31,
    "total_wait_time": 1169.0,
    "evaluation_ticks": 1177,
    "total_energy_consumed": 1270.3881628458892,
    "energy_per_order": 84.69254418972595,
    "robot_utilization": 0.8306666666666581,
    "total_stop_go_events": 927,
    "avg_traffic_rate": 0.02496975041834308,
    "avg_intersection_congestion": 1.1818181818181819,
    "max_intersection_congestion": 3,
    "spillback_penalty_total": 7943.0,
    "signal_switch_count": 614,
    "total_reward": 0.0
  }
}