{
  "generation": 15,
  "best_idx": 19,
  "best_fitness": 173599.50000000006,
  "all_fitness": [
    154818.19999999984,
    83417.09999999954,
    95169.04999999984,
    109559.5749999997,
    131006.19999999991,
    107714.12499999991,
    128893.79999999983,
    -1000000000.0,
    62580.82499999986,
    118384.9999999998,
    127994.62499999956,
    140447.94999999984,
    10223.875000000004,
    -1000000000.0,
    101382.69999999987,
    113542.94999999988,
    136909.3749999999,
    120947.04999999958,
    123067.87499999968,
    173599.50000000006
  ],
  "best_individual_metrics": {
    "completed_orders": 14,
    "total_orders": 58,
    "completion_rate": 0.2413793103448276,
    "avg_order_processing_time": 308.5,
    "total_completion_time": 4319,
    "execution_time_seconds": 174.80290842056274,
    "avg_wait_time": 30.275,
    "max_wait_time": 31,
    "total_wait_time": 1211.0,
    "evaluation_ticks": 1223,
    "total_energy_consumed": 1278.938385613794,
    "energy_per_order": 91.35274182955672,
    "robot_utilization": 0.7848888888888781,
    "total_stop_go_events": 1008,
    "avg_traffic_rate": 0.025375210327303083,
    "avg_intersection_congestion": 1.0909090909090908,
    "max_intersection_congestion": 2,
    "spillback_penalty_total": 0.0,
    "signal_switch_count": 686,
    "total_reward": 173599.50000000006
  }
}