{
  "generation": 25,
  "best_idx": 8,
  "best_fitness": 186064.35000000027,
  "all_fitness": [
    83046.82499999969,
    110339.2499999999,
    134957.37499999985,
    90330.69999999991,
    168959.3000000006,
    134107.4,
    139558.0999999999,
    145407.39999999988,
    186064.35000000027,
    89494.3749999997,
    134526.64999999953,
    118698.32499999962,
    -1000000000.0,
    105113.7249999997,
    113776.42499999976,
    114634.79999999965,
    110629.5249999998,
    115856.17499999965,
    118886.39999999988,
    94991.64999999972
  ],
  "best_individual_metrics": {
    "completed_orders": 20,
    "total_orders": 58,
    "completion_rate": 0.3448275862068966,
    "avg_order_processing_time": 296.9,
    "total_completion_time": 5938,
    "execution_time_seconds": 179.17467641830444,
    "avg_wait_time": 31.0,
    "max_wait_time": 31,
    "total_wait_time": 930.0,
    "evaluation_ticks": 970,
    "total_energy_consumed": 1441.7605730289451,
    "energy_per_order": 72.08802865144726,
    "robot_utilization": 0.8776666666666604,
    "total_stop_go_events": 1007,
    "avg_traffic_rate": 0.027348472577263513,
    "avg_intersection_congestion": 1.2,
    "max_intersection_congestion": 3,
    "spillback_penalty_total": 0.0,
    "signal_switch_count": 752,
    "total_reward": 186064.35000000027
  }
}