{
  "generation": 27,
  "best_idx": 15,
  "best_fitness": 1503050.5499999882,
  "all_fitness": [
    1161059.2999999889,
    1259475.7249999917,
    1223998.0999999898,
    1010502.874999992,
    1144455.2249999915,
    1427316.824999986,
    1184035.924999992,
    1161871.749999987,
    1074710.4249999914,
    1229424.4999999893,
    1063522.9499999932,
    1154689.449999991,
    1191186.599999992,
    1159634.6749999917,
    1024950.4249999913,
    1503050.5499999882,
    1132790.7499999888,
    1134051.8999999885,
    1233766.3999999866,
    992046.049999988
  ],
  "best_individual_metrics": {
    "completed_orders": 43,
    "total_orders": 80,
    "completion_rate": 0.5375,
    "avg_order_processing_time": 687.3488372093024,
    "total_completion_time": 29556,
    "execution_time_seconds": 476.5238778591156,
    "avg_wait_time": 31.0,
    "max_wait_time": 31,
    "total_wait_time": 2356.0,
    "evaluation_ticks": 3647,
    "total_energy_consumed": 2740.143567205087,
    "energy_per_order": 63.72426900476947,
    "robot_utilization": 0.9395416666666664,
    "total_stop_go_events": 2517,
    "avg_traffic_rate": 0.02403857482445867,
    "avg_intersection_congestion": 1.6666666666666667,
    "max_intersection_congestion": 4,
    "spillback_penalty_total": 0.0,
    "signal_switch_count": 1934,
    "total_reward": 1503050.5499999882
  }
}