{
  "generation": 10,
  "best_idx": 16,
  "best_fitness": 152027.50000000012,
  "all_fitness": [
    89719.72499999977,
    69207.99999999993,
    144613.67499999996,
    115245.39999999989,
    117091.42500000008,
    105872.34999999993,
    113470.29999999987,
    63671.72499999981,
    75554.07499999992,
    87710.69999999972,
    129348.32499999985,
    103373.14999999967,
    113440.32499999978,
    82826.6249999999,
    118663.87499999996,
    70044.29999999987,
    152027.50000000012,
    107924.8249999997,
    137429.19999999984,
    122483.5999999998
  ],
  "best_individual_metrics": {
    "completed_orders": 19,
    "total_orders": 58,
    "completion_rate": 0.3275862068965517,
    "avg_order_processing_time": 277.89473684210526,
    "total_completion_time": 5280,
    "execution_time_seconds": 161.16360235214233,
    "avg_wait_time": 31.0,
    "max_wait_time": 31,
    "total_wait_time": 1023.0,
    "evaluation_ticks": 1058,
    "total_energy_consumed": 1623.1319161979684,
    "energy_per_order": 85.42799558936676,
    "robot_utilization": 0.8158888888888797,
    "total_stop_go_events": 1088,
    "avg_traffic_rate": 0.027412186854123423,
    "avg_intersection_congestion": 1.0,
    "max_intersection_congestion": 1,
    "spillback_penalty_total": 0.0,
    "signal_switch_count": 884,
    "total_reward": 152027.50000000012
  }
}