{
  "generation": 2,
  "best_idx": 8,
  "best_fitness": 3.155236823076618,
  "all_fitness": [
    2.0072322487849865,
    1.824815206601825,
    2.3088128792911955,
    1.4085201497778164,
    1.6158014331836683,
    1.6818297740538268,
    -1000000000.0,
    1.5970408844226867,
    3.155236823076618,
    1.50426861526448,
    1.6900155601588474,
    2.218855088261158,
    1.7022354154990376,
    1.7929004071475483,
    1.6318240747031405,
    1.012283470758712,
    1.4800587548746906,
    1.1549879781844443,
    2.0375588601963144,
    1.3939836548170108
  ],
  "best_individual_metrics": {
    "completed_orders": 16,
    "total_orders": 58,
    "completion_rate": 0.27586206896551724,
    "avg_order_processing_time": 239.5,
    "total_completion_time": 3832,
    "execution_time_seconds": 175.32838416099548,
    "avg_wait_time": 30.68421052631579,
    "max_wait_time": 31,
    "total_wait_time": 1166.0,
    "evaluation_ticks": 1328,
    "total_energy_consumed": 918.6945791440676,
    "energy_per_order": 57.41841119650422,
    "robot_utilization": 0.8379999999999919,
    "total_stop_go_events": 903,
    "avg_traffic_rate": 0.023812854876042792,
    "avg_intersection_congestion": 1.25,
    "max_intersection_congestion": 2,
    "spillback_penalty_total": 7050.0,
    "signal_switch_count": 605,
    "total_reward": 0.0
  }
}