{
  "generation": 19,
  "best_idx": 2,
  "best_fitness": 176283.1000000001,
  "all_fitness": [
    153510.3499999995,
    -1000000000.0,
    176283.1000000001,
    88508.19999999966,
    131732.5999999998,
    -1000000000.0,
    130963.57500000011,
    127080.47500000006,
    -1000000000.0,
    123209.02499999928,
    94058.32499999956,
    130472.30000000002,
    115531.37499999977,
    122740.47499999987,
    130881.09999999969,
    174710.89999999988,
    143937.87499999974,
    100595.97499999963,
    122712.6499999995,
    170245.72499999995
  ],
  "best_individual_metrics": {
    "completed_orders": 13,
    "total_orders": 58,
    "completion_rate": 0.22413793103448276,
    "avg_order_processing_time": 243.76923076923077,
    "total_completion_time": 3169,
    "execution_time_seconds": 180.72689962387085,
    "avg_wait_time": 31.0,
    "max_wait_time": 31,
    "total_wait_time": 992.0,
    "evaluation_ticks": 1147,
    "total_energy_consumed": 1204.90323613715,
    "energy_per_order": 92.68486431824232,
    "robot_utilization": 0.7567777777777656,
    "total_stop_go_events": 860,
    "avg_traffic_rate": 0.022987030002445386,
    "avg_intersection_congestion": 1.0,
    "max_intersection_congestion": 1,
    "spillback_penalty_total": 0.0,
    "signal_switch_count": 639,
    "total_reward": 176283.1000000001
  }
}