{
  "generation": 12,
  "best_idx": 9,
  "best_fitness": 2.111258219925229,
  "all_fitness": [
    1.5607070989991858,
    1.4204310283725543,
    0.7605942600287244,
    0.9287945525252452,
    1.776066483832492,
    1.8226180704697124,
    -1000000000.0,
    1.7921305076387841,
    1.8334329568152936,
    2.111258219925229,
    1.4063869409865448,
    1.683191881465717,
    1.8569201768597514,
    1.4220289022354982,
    1.61468583791691,
    1.7401799858700355,
    1.9364302637481796,
    1.1968962092361772,
    1.7258591535229781,
    1.5521947503338887
  ],
  "best_individual_metrics": {
    "completed_orders": 17,
    "total_orders": 58,
    "completion_rate": 0.29310344827586204,
    "avg_order_processing_time": 297.1764705882353,
    "total_completion_time": 5052,
    "execution_time_seconds": 141.23593068122864,
    "avg_wait_time": 30.595238095238095,
    "max_wait_time": 31,
    "total_wait_time": 1285.0,
    "evaluation_ticks": 939,
    "total_energy_consumed": 1681.4096106706015,
    "energy_per_order": 98.90644768650597,
    "robot_utilization": 0.8039999999999902,
    "total_stop_go_events": 1023,
    "avg_traffic_rate": 0.025950636033549985,
    "avg_intersection_congestion": 1.0,
    "max_intersection_congestion": 1,
    "spillback_penalty_total": 12936.0,
    "signal_switch_count": 678,
    "total_reward": 0.0
  }
}