{
  "generation": 2,
  "best_idx": 4,
  "best_fitness": 2.4456360807221342,
  "all_fitness": [
    1.64566089788441,
    2.267096904697149,
    1.4917798127419515,
    2.027336167007616,
    2.4456360807221342,
    2.261449747639856,
    1.547409740774183,
    2.2336426897442916,
    1.8688584308599454,
    1.6138225317593806,
    2.12308510633484,
    1.4461988863145523,
    1.561579694528802,
    1.5863148319510145,
    1.0386883454275988,
    1.8608900861091513,
    1.612568123715047,
    1.5364232058937919,
    1.0906362367132256,
    1.6480503996556104
  ],
  "best_individual_metrics": {
    "completed_orders": 19,
    "total_orders": 26,
    "completion_rate": 0.7307692307692307,
    "avg_order_processing_time": 279.1578947368421,
    "total_completion_time": 5304.0,
    "execution_time_seconds": 158.9830276966095,
    "avg_wait_time": 30.551724137931036,
    "max_wait_time": 31,
    "total_wait_time": 886.0,
    "evaluation_ticks": 936,
    "total_energy_consumed": 1438.800121084251,
    "energy_per_order": 75.726322162329,
    "robot_utilization": 0.7105555555555408,
    "total_stop_go_events": 984,
    "avg_traffic_rate": 0.03207547884858043,
    "avg_intersection_congestion": 1.1111111111111112,
    "max_intersection_congestion": 2,
    "spillback_penalty_total": 12394.0,
    "signal_switch_count": 711,
    "total_reward": 0.0
  }
}