{
  "generation": 1,
  "best_idx": 0,
  "best_fitness": -7.894999999999991,
  "all_fitness": [
    -7.894999999999991
  ]
}