{
  "generation": 12,
  "best_idx": 3,
  "best_fitness": 183352.10000000033,
  "all_fitness": [
    136899.87499999968,
    130819.37499999958,
    102933.89999999975,
    183352.10000000033,
    -1000000000.0,
    111965.57499999975,
    118325.8749999998,
    122850.02499999973,
    65526.64999999986,
    170394.5750000005,
    125290.5999999996,
    -1000000000.0,
    115622.47499999989,
    143268.05,
    133620.1749999995,
    116312.12499999964,
    -1000000000.0,
    92919.50000000009,
    116283.37499999962,
    83080.9249999997
  ],
  "best_individual_metrics": {
    "completed_orders": 13,
    "total_orders": 58,
    "completion_rate": 0.22413793103448276,
    "avg_order_processing_time": 237.23076923076923,
    "total_completion_time": 3084,
    "execution_time_seconds": 185.7802996635437,
    "avg_wait_time": 30.166666666666668,
    "max_wait_time": 31,
    "total_wait_time": 1086.0,
    "evaluation_ticks": 1293,
    "total_energy_consumed": 1252.2645112394118,
    "energy_per_order": 96.32803932610861,
    "robot_utilization": 0.8389999999999919,
    "total_stop_go_events": 897,
    "avg_traffic_rate": 0.022981231835135753,
    "avg_intersection_congestion": 1.125,
    "max_intersection_congestion": 2,
    "spillback_penalty_total": 0.0,
    "signal_switch_count": 642,
    "total_reward": 183352.10000000033
  }
}