{
  "generation": 5,
  "best_idx": 8,
  "best_fitness": 148852.57499999987,
  "all_fitness": [
    100578.17499999971,
    134902.2999999998,
    134966.02499999973,
    89766.74999999987,
    104944.27499999975,
    -1000000000.0,
    93778.37500000004,
    81313.72499999986,
    148852.57499999987,
    132191.04999999958,
    -1000000000.0,
    89478.42499999984,
    108213.89999999975,
    127547.97499999958,
    -1000000000.0,
    85691.99999999997,
    108383.7999999998,
    126665.09999999986,
    103307.74999999974,
    93442.47499999974
  ],
  "best_individual_metrics": {
    "completed_orders": 15,
    "total_orders": 58,
    "completion_rate": 0.25862068965517243,
    "avg_order_processing_time": 256.93333333333334,
    "total_completion_time": 3854,
    "execution_time_seconds": 105.17919087409973,
    "avg_wait_time": 29.59375,
    "max_wait_time": 31,
    "total_wait_time": 947.0,
    "evaluation_ticks": 1140,
    "total_energy_consumed": 960.6884608526726,
    "energy_per_order": 64.04589739017817,
    "robot_utilization": 0.7433333333333205,
    "total_stop_go_events": 922,
    "avg_traffic_rate": 0.024347506035288884,
    "avg_intersection_congestion": 1.2222222222222223,
    "max_intersection_congestion": 2,
    "spillback_penalty_total": 0.0,
    "signal_switch_count": 565,
    "total_reward": 148852.57499999987
  }
}