{
  "generation": 1,
  "best_idx": 6,
  "best_fitness": 2.7446579591127063,
  "all_fitness": [
    1.728473287784323,
    1.5558865352934768,
    1.6398271076757067,
    1.6232697154697167,
    1.606371679993959,
    1.9327145441725995,
    2.7446579591127063,
    -1000000000.0,
    1.603469367654235,
    1.460790033412396,
    1.507356505491499,
    1.8172694499473292,
    1.5528729568534159,
    1.7623754685164466,
    1.110239272682315,
    1.6892278708444324,
    1.7298240349407215,
    1.977978891188903,
    2.4227972899204793,
    2.106463045313614
  ],
  "best_individual_metrics": {
    "completed_orders": 16,
    "total_orders": 58,
    "completion_rate": 0.27586206896551724,
    "avg_order_processing_time": 229.8125,
    "total_completion_time": 3677,
    "execution_time_seconds": 182.29369568824768,
    "avg_wait_time": 29.928571428571427,
    "max_wait_time": 31,
    "total_wait_time": 838.0,
    "evaluation_ticks": 1058,
    "total_energy_consumed": 830.119604186982,
    "energy_per_order": 51.88247526168637,
    "robot_utilization": 0.8348888888888807,
    "total_stop_go_events": 906,
    "avg_traffic_rate": 0.02472671367359592,
    "avg_intersection_congestion": 1.5,
    "max_intersection_congestion": 2,
    "spillback_penalty_total": 8576.0,
    "signal_switch_count": 626,
    "total_reward": 0.0
  }
}