{
  "generation": 2,
  "best_idx": 0,
  "best_fitness": 130894.09999999987,
  "all_fitness": [
    130894.09999999987,
    57113.2499999999,
    65144.1749999998,
    119914.07499999998,
    -1000000000.0,
    127921.09999999976,
    97220.94999999975,
    48247.49999999993,
    122751.79999999989,
    89032.69999999982,
    99112.04999999971,
    92182.04999999967,
    110999.84999999977,
    95630.8749999998,
    108653.42499999984,
    123898.54999999981,
    92627.0249999999,
    127466.54999999992,
    118866.1499999998,
    125271.17499999987
  ],
  "best_individual_metrics": {
    "completed_orders": 13,
    "total_orders": 58,
    "completion_rate": 0.22413793103448276,
    "avg_order_processing_time": 245.30769230769232,
    "total_completion_time": 3189,
    "execution_time_seconds": 170.3091380596161,
    "avg_wait_time": 30.133333333333333,
    "max_wait_time": 31,
    "total_wait_time": 904.0,
    "evaluation_ticks": 1082,
    "total_energy_consumed": 1494.676303661512,
    "energy_per_order": 114.97510028165478,
    "robot_utilization": 0.8531111111111039,
    "total_stop_go_events": 922,
    "avg_traffic_rate": 0.02286970133614061,
    "avg_intersection_congestion": 1.1666666666666667,
    "max_intersection_congestion": 2,
    "spillback_penalty_total": 0.0,
    "signal_switch_count": 610,
    "total_reward": 130894.09999999987
  }
}