{
  "generation": 18,
  "best_idx": 8,
  "best_fitness": 1498071.324999982,
  "all_fitness": [
    1076937.0999999922,
    1236442.84999999,
    1233994.4999999872,
    943449.0999999937,
    1165581.7749999901,
    1401449.149999985,
    1307055.049999992,
    1009423.5749999916,
    1498071.324999982,
    1201902.1999999892,
    1206262.699999989,
    1272960.299999992,
    898909.3749999929,
    1051818.7749999925,
    1161175.374999985,
    817732.6749999967,
    945180.0999999942,
    891108.0999999943,
    1111319.52499999,
    1453784.8499999885
  ],
  "best_individual_metrics": {
    "completed_orders": 44,
    "total_orders": 80,
    "completion_rate": 0.55,
    "avg_order_processing_time": 710.2272727272727,
    "total_completion_time": 31250,
    "execution_time_seconds": 401.5581593513489,
    "avg_wait_time": 30.71875,
    "max_wait_time": 31,
    "total_wait_time": 1966.0,
    "evaluation_ticks": 3496,
    "total_energy_consumed": 1708.761613457586,
    "energy_per_order": 38.83549121494514,
    "robot_utilization": 0.9139166666666665,
    "total_stop_go_events": 2436,
    "avg_traffic_rate": 0.024265094181092118,
    "avg_intersection_congestion": 1.1666666666666667,
    "max_intersection_congestion": 2,
    "spillback_penalty_total": 0.0,
    "signal_switch_count": 1936,
    "total_reward": 1498071.324999982
  }
}