{
  "generation": 16,
  "best_idx": 0,
  "best_fitness": 152793.75000000012,
  "all_fitness": [
    152793.75000000012,
    119267.12500000019,
    121359.87499999978,
    131439.07499999998,
    102805.79999999999,
    142666.475,
    109911.37499999937,
    133661.9749999993,
    105540.99999999962,
    108319.07499999976,
    117316.02499999951,
    138489.59999999998,
    118979.0999999999,
    118551.67499999989,
    102833.12499999985,
    84382.87499999977,
    129052.99999999974,
    124049.29999999961,
    111246.22499999985,
    134043.49999999948
  ],
  "best_individual_metrics": {
    "completed_orders": 14,
    "total_orders": 58,
    "completion_rate": 0.2413793103448276,
    "avg_order_processing_time": 230.5,
    "total_completion_time": 3227,
    "execution_time_seconds": 174.87707376480103,
    "avg_wait_time": 29.82051282051282,
    "max_wait_time": 31,
    "total_wait_time": 1163.0,
    "evaluation_ticks": 927,
    "total_energy_consumed": 1050.9706230675142,
    "energy_per_order": 75.06933021910815,
    "robot_utilization": 0.8208888888888799,
    "total_stop_go_events": 1042,
    "avg_traffic_rate": 0.02627716145456019,
    "avg_intersection_congestion": 1.5,
    "max_intersection_congestion": 3,
    "spillback_penalty_total": 0.0,
    "signal_switch_count": 805,
    "total_reward": 152793.75000000012
  }
}