{
  "generation": 1,
  "best_idx": 0,
  "best_fitness": -3.645969837499999,
  "all_fitness": [
    -3.645969837499999,
    -8.130072562499997
  ]
}