{
  "generation": 17,
  "best_idx": 11,
  "best_fitness": 1612973.999999976,
  "all_fitness": [
    1072298.5749999913,
    1193965.8749999923,
    1310692.7499999886,
    1534417.5249999831,
    1448122.3999999908,
    1204397.1499999883,
    1265904.7499999865,
    1035174.1749999921,
    1236982.3749999937,
    967807.4749999932,
    1058637.099999996,
    1612973.999999976,
    1101995.7249999896,
    1102038.6999999888,
    1064860.2749999927,
    1376150.5999999896,
    1068367.5749999909,
    1419846.6249999837,
    1432665.9249999889,
    1484910.1999999853
  ],
  "best_individual_metrics": {
    "completed_orders": 45,
    "total_orders": 80,
    "completion_rate": 0.5625,
    "avg_order_processing_time": 613.5555555555555,
    "total_completion_time": 27610,
    "execution_time_seconds": 427.33233284950256,
    "avg_wait_time": 31.0,
    "max_wait_time": 31,
    "total_wait_time": 1953.0,
    "evaluation_ticks": 3535,
    "total_energy_consumed": 2702.015296544702,
    "energy_per_order": 60.04478436766004,
    "robot_utilization": 0.9416249999999999,
    "total_stop_go_events": 2707,
    "avg_traffic_rate": 0.0268289535520434,
    "avg_intersection_congestion": 1.2857142857142858,
    "max_intersection_congestion": 2,
    "spillback_penalty_total": 0.0,
    "signal_switch_count": 1874,
    "total_reward": 1612973.999999976
  }
}