{
  "generation": 13,
  "best_idx": 16,
  "best_fitness": 2.8761582773718346,
  "all_fitness": [
    2.183270825601844,
    2.2186364412414896,
    1.9160337795401023,
    1.7142410360882223,
    1.5188228756042448,
    -1000000000.0,
    1.9155491063045205,
    2.4493387346978572,
    1.4527697645651527,
    1.3473218298700762,
    2.4782326640713164,
    1.4188621945551076,
    2.3512612986524006,
    1.7426229572486878,
    1.5912022495777434,
    2.767048029515837,
    2.8761582773718346,
    1.681205859318631,
    1.66244764550544,
    2.107183074806056
  ],
  "best_individual_metrics": {
    "completed_orders": 17,
    "total_orders": 25,
    "completion_rate": 0.68,
    "avg_order_processing_time": 310.52941176470586,
    "total_completion_time": 5279.0,
    "execution_time_seconds": 166.7986662387848,
    "avg_wait_time": 30.32,
    "max_wait_time": 31,
    "total_wait_time": 758.0,
    "evaluation_ticks": 1260,
    "total_energy_consumed": 853.2438215702501,
    "energy_per_order": 50.190813033544124,
    "robot_utilization": 0.7695555555555438,
    "total_stop_go_events": 943,
    "avg_traffic_rate": 0.027995572888389293,
    "avg_intersection_congestion": 1.0909090909090908,
    "max_intersection_congestion": 2,
    "spillback_penalty_total": 8736.0,
    "signal_switch_count": 709,
    "total_reward": 0.0
  }
}