{
  "generation": 29,
  "best_idx": 16,
  "best_fitness": 191112.45,
  "all_fitness": [
    133937.1749999998,
    121977.67499999983,
    86687.24999999991,
    176959.97500000003,
    85369.67500000005,
    111054.0499999996,
    125729.94999999965,
    132887.07499999992,
    119551.84999999973,
    111487.74999999968,
    119347.94999999968,
    114225.49999999988,
    115176.62499999996,
    106468.92499999977,
    102033.49999999988,
    125342.32499999968,
    191112.45,
    121853.62499999999,
    129845.64999999928,
    102169.49999999988
  ],
  "best_individual_metrics": {
    "completed_orders": 13,
    "total_orders": 58,
    "completion_rate": 0.22413793103448276,
    "avg_order_processing_time": 269.0,
    "total_completion_time": 3497,
    "execution_time_seconds": 165.55336141586304,
    "avg_wait_time": 30.594594594594593,
    "max_wait_time": 31,
    "total_wait_time": 1132.0,
    "evaluation_ticks": 1265,
    "total_energy_consumed": 1100.6495528709356,
    "energy_per_order": 84.6653502208412,
    "robot_utilization": 0.8322222222222135,
    "total_stop_go_events": 995,
    "avg_traffic_rate": 0.02503089148427688,
    "avg_intersection_congestion": 1.1,
    "max_intersection_congestion": 2,
    "spillback_penalty_total": 0.0,
    "signal_switch_count": 602,
    "total_reward": 191112.45
  }
}