{
  "generation": 22,
  "best_idx": 18,
  "best_fitness": 1590347.3249999853,
  "all_fitness": [
    1193510.5249999848,
    1106939.8999999869,
    1340835.1999999888,
    977293.1249999937,
    1371484.2499999902,
    1144634.999999988,
    1274258.3499999857,
    1379593.2999999884,
    1542511.0499999847,
    1154069.9499999883,
    919444.8499999895,
    1448408.1999999825,
    1117099.5999999894,
    1280990.0749999876,
    1257845.4499999871,
    1192542.9999999958,
    862385.7249999988,
    1571412.9999999832,
    1590347.3249999853,
    893836.2499999948
  ],
  "best_individual_metrics": {
    "completed_orders": 44,
    "total_orders": 80,
    "completion_rate": 0.55,
    "avg_order_processing_time": 722.3181818181819,
    "total_completion_time": 31782,
    "execution_time_seconds": 510.03491401672363,
    "avg_wait_time": 31.0,
    "max_wait_time": 31,
    "total_wait_time": 1860.0,
    "evaluation_ticks": 3609,
    "total_energy_consumed": 2359.578335504175,
    "energy_per_order": 53.62678035236761,
    "robot_utilization": 0.9362499999999999,
    "total_stop_go_events": 2497,
    "avg_traffic_rate": 0.023941582509391487,
    "avg_intersection_congestion": 1.2727272727272727,
    "max_intersection_congestion": 2,
    "spillback_penalty_total": 0.0,
    "signal_switch_count": 1786,
    "total_reward": 1590347.3249999853
  }
}