{
  "generation": 13,
  "best_idx": 17,
  "best_fitness": 161217.74999999985,
  "all_fitness": [
    153216.7999999998,
    127891.94999999972,
    152476.0249999999,
    158850.67500000016,
    137077.1499999996,
    130817.62499999965,
    84211.94999999981,
    140231.1999999997,
    119834.3999999997,
    148152.42499999964,
    99053.47499999957,
    113414.57499999955,
    105388.62499999984,
    152286.80000000008,
    106322.3249999999,
    91771.97499999961,
    144621.10000000012,
    161217.74999999985,
    104834.39999999982,
    98769.39999999966
  ],
  "best_individual_metrics": {
    "completed_orders": 18,
    "total_orders": 58,
    "completion_rate": 0.3103448275862069,
    "avg_order_processing_time": 335.6666666666667,
    "total_completion_time": 6042,
    "execution_time_seconds": 166.77918457984924,
    "avg_wait_time": 30.236842105263158,
    "max_wait_time": 31,
    "total_wait_time": 1149.0,
    "evaluation_ticks": 1222,
    "total_energy_consumed": 976.9474715978295,
    "energy_per_order": 54.27485953321275,
    "robot_utilization": 0.7738888888888775,
    "total_stop_go_events": 942,
    "avg_traffic_rate": 0.02496824550649559,
    "avg_intersection_congestion": 1.2222222222222223,
    "max_intersection_congestion": 3,
    "spillback_penalty_total": 0.0,
    "signal_switch_count": 576,
    "total_reward": 161217.74999999985
  }
}