{
  "generation": 13,
  "best_idx": 8,
  "best_fitness": 1349769.5999999866,
  "all_fitness": [
    1344779.5249999855,
    1165439.94999999,
    1054907.4999999884,
    1007967.9499999945,
    941368.8499999953,
    1254224.974999988,
    1303875.4499999853,
    1181386.4749999894,
    1349769.5999999866,
    1198368.0999999882,
    1270637.9499999762,
    1231002.749999986,
    916183.0249999946,
    1311003.3499999829,
    1254793.9749999866,
    1217253.3249999862,
    1189958.5499999947,
    1201478.8999999869,
    946700.9249999903,
    1295661.6249999814
  ],
  "best_individual_metrics": {
    "completed_orders": 46,
    "total_orders": 80,
    "completion_rate": 0.575,
    "avg_order_processing_time": 653.7608695652174,
    "total_completion_time": 30073,
    "execution_time_seconds": 538.9243686199188,
    "avg_wait_time": 31.0,
    "max_wait_time": 31,
    "total_wait_time": 2201.0,
    "evaluation_ticks": 2801,
    "total_energy_consumed": 3041.243740038346,
    "energy_per_order": 66.1139943486597,
    "robot_utilization": 0.9405833333333333,
    "total_stop_go_events": 2772,
    "avg_traffic_rate": 0.026398446457503832,
    "avg_intersection_congestion": 1.1,
    "max_intersection_congestion": 2,
    "spillback_penalty_total": 0.0,
    "signal_switch_count": 2114,
    "total_reward": 1349769.5999999866
  }
}