{
  "generation": 29,
  "best_idx": 9,
  "best_fitness": 1311653.1499999838,
  "all_fitness": [
    1248188.0749999979,
    1107074.8999999915,
    993214.4999999929,
    1114893.7999999938,
    891400.9749999963,
    1191031.499999993,
    847671.5499999933,
    1265438.0249999894,
    1106680.074999989,
    1311653.1499999838,
    1189901.3749999872,
    1208837.0999999908,
    1103150.29999999,
    1235516.0249999885,
    1056866.049999987,
    1054312.4999999923,
    853358.9999999946,
    1136427.3999999906,
    1196518.4499999874,
    987992.4749999926
  ],
  "best_individual_metrics": {
    "completed_orders": 37,
    "total_orders": 80,
    "completion_rate": 0.4625,
    "avg_order_processing_time": 689.5135135135135,
    "total_completion_time": 25512,
    "execution_time_seconds": 489.41663551330566,
    "avg_wait_time": 30.8,
    "max_wait_time": 31,
    "total_wait_time": 1848.0,
    "evaluation_ticks": 3267,
    "total_energy_consumed": 2816.974900480875,
    "energy_per_order": 76.13445676975338,
    "robot_utilization": 0.9072916666666664,
    "total_stop_go_events": 2481,
    "avg_traffic_rate": 0.02275875873356475,
    "avg_intersection_congestion": 1.2,
    "max_intersection_congestion": 2,
    "spillback_penalty_total": 0.0,
    "signal_switch_count": 1932,
    "total_reward": 1311653.1499999838
  }
}