{
  "generation": 14,
  "best_idx": 0,
  "best_fitness": 3.59874176927076,
  "all_fitness": [
    3.59874176927076,
    2.415957643639707,
    2.848114754930706,
    2.6950512586545217,
    2.5659500340176615,
    3.2544153389354284,
    2.2654539472888287,
    2.563920260779997,
    3.144630722555081,
    2.425372258096119,
    2.849642383839936,
    2.661420714746883,
    3.241805314770861,
    3.0885020529284475,
    2.4807887397680397,
    2.4046962268308176,
    2.747693364981433,
    2.585427612633453,
    2.357763166544684,
    2.3163497927161876
  ],
  "best_individual_metrics": {
    "completed_orders": 37,
    "total_orders": 47,
    "completion_rate": 0.7872340425531915,
    "avg_order_processing_time": 327.5405405405405,
    "total_completion_time": 12119,
    "execution_time_seconds": 466.8372197151184,
    "avg_wait_time": 31.0,
    "max_wait_time": 31,
    "total_wait_time": 1798.0,
    "evaluation_ticks": 3708,
    "total_energy_consumed": 1967.4239954920229,
    "energy_per_order": 53.1736214997844,
    "robot_utilization": 0.8981249999999997,
    "total_stop_go_events": 2338,
    "avg_traffic_rate": 0.022381226440431858,
    "avg_intersection_congestion": 1.25,
    "max_intersection_congestion": 2,
    "spillback_penalty_total": 12366.0,
    "signal_switch_count": 1822,
    "total_reward": 0.0
  }
}