{
  "generation": 22,
  "best_idx": 1,
  "best_fitness": 196069.70000000027,
  "all_fitness": [
    115166.97499999992,
    196069.70000000027,
    134230.52499999988,
    112031.07499999953,
    107043.74999999919,
    159956.7499999999,
    125157.54999999974,
    107499.89999999983,
    123116.79999999933,
    133923.97499999971,
    -1000000000.0,
    -1000000000.0,
    -1000000000.0,
    -1000000000.0,
    128810.5499999992,
    122822.52499999986,
    173494.25000000015,
    118238.77499999969,
    111170.29999999984,
    161575.10000000003
  ],
  "best_individual_metrics": {
    "completed_orders": 14,
    "total_orders": 58,
    "completion_rate": 0.2413793103448276,
    "avg_order_processing_time": 245.92857142857142,
    "total_completion_time": 3443,
    "execution_time_seconds": 169.98073768615723,
    "avg_wait_time": 30.37142857142857,
    "max_wait_time": 31,
    "total_wait_time": 1063.0,
    "evaluation_ticks": 1267,
    "total_energy_consumed": 1014.6262946360446,
    "energy_per_order": 72.47330675971747,
    "robot_utilization": 0.8047777777777678,
    "total_stop_go_events": 870,
    "avg_traffic_rate": 0.02429244400459815,
    "avg_intersection_congestion": 1.0,
    "max_intersection_congestion": 1,
    "spillback_penalty_total": 0.0,
    "signal_switch_count": 608,
    "total_reward": 196069.70000000027
  }
}