{
  "generation": 30,
  "best_idx": 10,
  "best_fitness": 3.942369876445736,
  "all_fitness": [
    3.232300218187575,
    2.6344625469918523,
    2.733501498516967,
    2.8379694215335953,
    2.657327027324912,
    2.43787991290489,
    3.265794827311317,
    2.5285561784610864,
    2.9226167562680985,
    2.670544683698217,
    3.942369876445736,
    2.1285485193964733,
    3.3841815666930395,
    2.6066619527966552,
    2.731789238831676,
    2.444984483242159,
    3.588479300829476,
    2.875668341092811,
    3.6202210794401317,
    3.4373414978097854
  ],
  "best_individual_metrics": {
    "completed_orders": 38,
    "total_orders": 48,
    "completion_rate": 0.7916666666666666,
    "avg_order_processing_time": 326.7368421052632,
    "total_completion_time": 12416,
    "execution_time_seconds": 493.1531431674957,
    "avg_wait_time": 31.0,
    "max_wait_time": 31,
    "total_wait_time": 1953.0,
    "evaluation_ticks": 3468,
    "total_energy_consumed": 1697.4469225969576,
    "energy_per_order": 44.669655857814675,
    "robot_utilization": 0.869833333333333,
    "total_stop_go_events": 2391,
    "avg_traffic_rate": 0.02267828350598839,
    "avg_intersection_congestion": 1.0833333333333333,
    "max_intersection_congestion": 2,
    "spillback_penalty_total": 11108.0,
    "signal_switch_count": 1894,
    "total_reward": 0.0
  }
}