{
  "generation": 28,
  "best_idx": 5,
  "best_fitness": 3.176263050931952,
  "all_fitness": [
    1.9583172410223084,
    2.075779114616496,
    2.2557496180187973,
    2.105019145511925,
    1.6287115433680095,
    3.176263050931952,
    2.146456428801815,
    1.7305799671950928,
    1.4884109845176667,
    1.6879119042585515,
    1.5470395142632305,
    1.5320513664114888,
    1.4616311648212408,
    1.9947515399414288,
    1.7840266623946623,
    2.240554110363883,
    1.7449650517225714,
    2.0658591819246714,
    2.293084058005781,
    1.7924375394733647
  ],
  "best_individual_metrics": {
    "completed_orders": 16,
    "total_orders": 58,
    "completion_rate": 0.27586206896551724,
    "avg_order_processing_time": 315.5625,
    "total_completion_time": 5049,
    "execution_time_seconds": 187.29654741287231,
    "avg_wait_time": 31.0,
    "max_wait_time": 31,
    "total_wait_time": 1147.0,
    "evaluation_ticks": 1199,
    "total_energy_consumed": 1167.3230494816855,
    "energy_per_order": 72.95769059260535,
    "robot_utilization": 0.7985555555555454,
    "total_stop_go_events": 1038,
    "avg_traffic_rate": 0.027068832281438904,
    "avg_intersection_congestion": 1.4,
    "max_intersection_congestion": 2,
    "spillback_penalty_total": 6958.0,
    "signal_switch_count": 642,
    "total_reward": 0.0
  }
}