{
  "generation": 18,
  "best_idx": 17,
  "best_fitness": 142289.92500000016,
  "all_fitness": [
    89367.34999999967,
    77473.97500000002,
    120981.19999999974,
    72363.87499999991,
    114248.825,
    125177.24999999993,
    107895.5499999999,
    91566.14999999972,
    84838.02499999985,
    -1000000000.0,
    139234.0999999995,
    -1000000000.0,
    73969.29999999981,
    104411.79999999999,
    85536.99999999985,
    117615.94999999988,
    129639.02499999992,
    142289.92500000016,
    142026.9499999999,
    105856.37499999983
  ],
  "best_individual_metrics": {
    "completed_orders": 13,
    "total_orders": 58,
    "completion_rate": 0.22413793103448276,
    "avg_order_processing_time": 318.2307692307692,
    "total_completion_time": 4137,
    "execution_time_seconds": 169.2164375782013,
    "avg_wait_time": 30.17142857142857,
    "max_wait_time": 31,
    "total_wait_time": 1056.0,
    "evaluation_ticks": 921,
    "total_energy_consumed": 2530.2044889914077,
    "energy_per_order": 194.63111453780058,
    "robot_utilization": 0.8397777777777696,
    "total_stop_go_events": 917,
    "avg_traffic_rate": 0.02928436719967428,
    "avg_intersection_congestion": 1.2857142857142858,
    "max_intersection_congestion": 2,
    "spillback_penalty_total": 0.0,
    "signal_switch_count": 537,
    "total_reward": 142289.92500000016
  }
}