{
  "generation": 30,
  "best_idx": 0,
  "best_fitness": 171489.39999999994,
  "all_fitness": [
    171489.39999999994,
    152343.27500000029,
    77416.12499999981,
    101670.77499999979,
    98032.59999999999,
    140991.0000000002,
    95672.9999999998,
    101611.47499999992,
    89032.72499999971,
    -1000000000.0,
    -1000000000.0,
    137008.97499999948,
    128929.54999999987,
    -1000000000.0,
    -1000000000.0,
    123811.52500000005,
    75993.27499999982,
    155047.37500000032,
    160017.77500000017,
    140820.84999999986
  ],
  "best_individual_metrics": {
    "completed_orders": 13,
    "total_orders": 58,
    "completion_rate": 0.22413793103448276,
    "avg_order_processing_time": 232.6153846153846,
    "total_completion_time": 3024,
    "execution_time_seconds": 171.63563346862793,
    "avg_wait_time": 30.477272727272727,
    "max_wait_time": 31,
    "total_wait_time": 1341.0,
    "evaluation_ticks": 1274,
    "total_energy_consumed": 894.5859960945285,
    "energy_per_order": 68.8143073918868,
    "robot_utilization": 0.7707777777777663,
    "total_stop_go_events": 919,
    "avg_traffic_rate": 0.025392554245710262,
    "avg_intersection_congestion": 1.375,
    "max_intersection_congestion": 3,
    "spillback_penalty_total": 0.0,
    "signal_switch_count": 715,
    "total_reward": 171489.39999999994
  }
}