{
  "generation": 15,
  "best_idx": 2,
  "best_fitness": 1848602.7499999804,
  "all_fitness": [
    1274119.8999999862,
    838544.2999999942,
    1848602.7499999804,
    1323208.3749999844,
    -1000000000.0,
    1306838.2499999874,
    1160714.8749999905,
    1264190.7749999876,
    1472749.0999999905,
    1232510.2499999946,
    1007225.0499999914,
    1440185.2499999914,
    1026504.0749999922,
    1065318.5749999934,
    1401000.3999999808,
    1297126.3499999894,
    1202318.8999999878,
    1074710.6999999972,
    1089330.5999999885,
    1428089.9999999898
  ],
  "best_individual_metrics": {
    "completed_orders": 46,
    "total_orders": 80,
    "completion_rate": 0.575,
    "avg_order_processing_time": 630.0869565217391,
    "total_completion_time": 28984,
    "execution_time_seconds": 501.4801049232483,
    "avg_wait_time": 30.582089552238806,
    "max_wait_time": 31,
    "total_wait_time": 2049.0,
    "evaluation_ticks": 3665,
    "total_energy_consumed": 1670.1607412632386,
    "energy_per_order": 36.307842201374754,
    "robot_utilization": 0.9233333333333332,
    "total_stop_go_events": 2688,
    "avg_traffic_rate": 0.025360944663817626,
    "avg_intersection_congestion": 1.0909090909090908,
    "max_intersection_congestion": 2,
    "spillback_penalty_total": 0.0,
    "signal_switch_count": 1927,
    "total_reward": 1848602.7499999804
  }
}