{
  "generation": 12,
  "best_idx": 19,
  "best_fitness": 4.056109169832239,
  "all_fitness": [
    3.3101967696755543,
    -1000000000.0,
    3.1094075581600706,
    -1000000000.0,
    -1000000000.0,
    3.8208458894234325,
    3.339259679667026,
    4.007515025111532,
    3.234173661724644,
    2.8859518159029345,
    3.2300943310390995,
    2.780220328225051,
    3.6834324651172476,
    3.5155900803563593,
    2.7402133993397633,
    3.372483589345923,
    3.9123358053724786,
    2.9063864432613253,
    3.0905484266072643,
    4.056109169832239
  ],
  "best_individual_metrics": {
    "completed_orders": 44,
    "total_orders": 80,
    "completion_rate": 0.55,
    "avg_order_processing_time": 652.9545454545455,
    "total_completion_time": 28730,
    "execution_time_seconds": 474.6467070579529,
    "avg_wait_time": 31.0,
    "max_wait_time": 31,
    "total_wait_time": 1829.0,
    "evaluation_ticks": 3326,
    "total_energy_consumed": 2166.6850269925035,
    "energy_per_order": 49.242841522556894,
    "robot_utilization": 0.9010833333333329,
    "total_stop_go_events": 2456,
    "avg_traffic_rate": 0.022847554048920568,
    "avg_intersection_congestion": 1.125,
    "max_intersection_congestion": 2,
    "spillback_penalty_total": 13479.0,
    "signal_switch_count": 1849,
    "total_reward": 0.0
  }
}