{
  "generation": 10,
  "best_idx": 19,
  "best_fitness": 4.717904979893824,
  "all_fitness": [
    1.7412382783965237,
    1.654633635248576,
    2.329457964474713,
    1.4742646727695792,
    1.5211019562631267,
    1.5339036356178328,
    3.2868261098096827,
    2.416826614096204,
    2.5132108004679345,
    2.35135942277856,
    2.103615875924851,
    1.5366661314029224,
    1.7223213087013534,
    1.9601191011708852,
    3.2134954066575214,
    1.6541680859545402,
    1.7072797318334159,
    1.8910658718741378,
    2.2208095425338445,
    4.717904979893824
  ],
  "best_individual_metrics": {
    "completed_orders": 14,
    "total_orders": 24,
    "completion_rate": 0.5833333333333334,
    "avg_order_processing_time": 212.5,
    "total_completion_time": 2975.0,
    "execution_time_seconds": 175.59896779060364,
    "avg_wait_time": 30.77777777777778,
    "max_wait_time": 31,
    "total_wait_time": 1108.0,
    "evaluation_ticks": 1334,
    "total_energy_consumed": 808.3761799948048,
    "energy_per_order": 57.74115571391463,
    "robot_utilization": 0.8368888888888806,
    "total_stop_go_events": 892,
    "avg_traffic_rate": 0.026948512264278423,
    "avg_intersection_congestion": 1.5555555555555556,
    "max_intersection_congestion": 5,
    "spillback_penalty_total": 2854.0,
    "signal_switch_count": 712,
    "total_reward": 0.0
  }
}