{
  "generation": 29,
  "best_idx": 19,
  "best_fitness": 3.861122081028103,
  "all_fitness": [
    3.371526821945143,
    2.3669314149781804,
    2.6699624296194147,
    2.547924662874906,
    2.5343929542101313,
    2.485675316449086,
    3.682393043190625,
    3.09701866160178,
    2.59976357530037,
    2.846514783074054,
    3.2204687183009497,
    2.4531163943649963,
    2.5214148246785473,
    3.5218048371953463,
    2.3368908395830257,
    2.8632292221212285,
    2.2526265881166734,
    2.345145744552745,
    3.0186341358432878,
    3.861122081028103
  ],
  "best_individual_metrics": {
    "completed_orders": 38,
    "total_orders": 48,
    "completion_rate": 0.7916666666666666,
    "avg_order_processing_time": 296.7105263157895,
    "total_completion_time": 11275,
    "execution_time_seconds": 474.62435269355774,
    "avg_wait_time": 31.0,
    "max_wait_time": 31,
    "total_wait_time": 2356.0,
    "evaluation_ticks": 3133,
    "total_energy_consumed": 2143.9730432771116,
    "energy_per_order": 56.420343244134514,
    "robot_utilization": 0.8730833333333331,
    "total_stop_go_events": 2280,
    "avg_traffic_rate": 0.02636083385735705,
    "avg_intersection_congestion": 1.1111111111111112,
    "max_intersection_congestion": 2,
    "spillback_penalty_total": 11469.0,
    "signal_switch_count": 1985,
    "total_reward": 0.0
  }
}