{
  "evaluation_config": {
    "evaluation_ticks": 50000,
    "num_runs": 3,
    "timestamp": "2025-07-24_091412"
  },
  "results": {
    "nerl_step_custom": {
      "individual_runs": [
        {
          "controller_name": "nerl_step_custom",
          "run_id": 0,
          "execution_time": 1949.2327995300293,
          "evaluation_ticks": 50000,
          "completed_orders": 642,
          "total_orders": 718,
          "completion_rate": 0.8941504178272981,
          "avg_wait_time": 7.5333333333150625,
          "max_wait_time": 27.29999999993379,
          "total_robots_waiting": 9,
          "total_energy": 26047.474662646386,
          "energy_per_order": 40.57239044025917,
          "robot_utilization": 0.9269333333332698,
          "avg_intersection_congestion": 1.125,
          "max_intersection_congestion": 2,
          "signal_switch_count": 12251,
          "avg_traffic_rate": 0.024850931692917022,
          "stop_and_go_events": 17071,
          "warehouse_final_tick": 7499.999999993497
        },
        {
          "controller_name": "nerl_step_custom",
          "run_id": 1,
          "execution_time": 1694.8145787715912,
          "evaluation_ticks": 50000,
          "completed_orders": 42,
          "total_orders": 71,
          "completion_rate": 0.5915492957746479,
          "avg_wait_time": 5.92499999998563,
          "max_wait_time": 16.94999999995889,
          "total_robots_waiting": 10,
          "total_energy": 3150.0450995302263,
          "energy_per_order": 75.00107379833872,
          "robot_utilization": -5.153973333338669,
          "avg_intersection_congestion": 1.4285714285714286,
          "max_intersection_congestion": 4,
          "signal_switch_count": 785,
          "avg_traffic_rate": 0.001757420581601308,
          "stop_and_go_events": 1217,
          "warehouse_final_tick": 7499.999999993497
        },
        {
          "controller_name": "nerl_step_custom",
          "run_id": 2,
          "execution_time": 1670.7738237380981,
          "evaluation_ticks": 50000,
          "completed_orders": 33,
          "total_orders": 33,
          "completion_rate": 1.0,
          "avg_wait_time": 7115.614285707795,
          "max_wait_time": 7215.599999993495,
          "total_robots_waiting": 7,
          "total_energy": 1513.9753299084678,
          "energy_per_order": 45.8780403002566,
          "robot_utilization": 0.33883333333362714,
          "avg_intersection_congestion": 1.0,
          "max_intersection_congestion": 1,
          "signal_switch_count": 671,
          "avg_traffic_rate": 0.0012141590469085346,
          "stop_and_go_events": 862,
          "warehouse_final_tick": 7499.999999993497
        }
      ],
      "average_performance": {
        "execution_time": 1771.6070673465729,
        "execution_time_std": 125.98323969461663,
        "completed_orders": 239.0,
        "completed_orders_std": 284.98771903364536,
        "completion_rate": 0.8285665712006486,
        "completion_rate_std": 0.17307787293452126,
        "avg_wait_time": 2376.357539680365,
        "avg_wait_time_std": 3351.1606472244703,
        "max_wait_time": 2419.9499999977957,
        "max_wait_time_std": 3391.0392676846686,
        "total_energy": 10237.165030695027,
        "total_energy_std": 11199.511866338878,
        "energy_per_order": 53.817168179618164,
        "energy_per_order_std": 15.135077866914948,
        "robot_utilization": -1.296068888890591,
        "robot_utilization_std": 2.7384953812107686,
        "avg_intersection_congestion": 1.1845238095238095,
        "avg_intersection_congestion_std": 0.17995495783132115,
        "max_intersection_congestion": 2.3333333333333335,
        "max_intersection_congestion_std": 1.247219128924647,
        "num_runs": 3
      },
      "config": {
        "type": "nerl",
        "reward_mode": "step",
        "model_path": "models/training_runs/E_nerl_step_a8000ticks/nerl_step_a8000ticks.pth",
        "metadata": {
          "controller_type": "nerl",
          "source": "custom_path"
        }
      }
    }
  }
}