{
  "generation": 7,
  "best_idx": 1,
  "best_fitness": 3.500430842848607,
  "all_fitness": [
    2.5688980965133115,
    3.500430842848607,
    3.065640512176292,
    1.748430905312628,
    2.654583402828719,
    2.561290567857713,
    3.376947745715094,
    3.245366852952887,
    2.3840008464803204,
    2.440565925018027,
    3.309057329689101,
    3.388291551249356,
    3.047970973343619,
    3.0121448070074615,
    2.38485873984118,
    3.2584919172538447,
    2.6672827911369956,
    2.7641551269535825,
    2.74742381733936,
    2.7995928351804262
  ],
  "best_individual_metrics": {
    "completed_orders": 38,
    "total_orders": 48,
    "completion_rate": 0.7916666666666666,
    "avg_order_processing_time": 226.89473684210526,
    "total_completion_time": 8622,
    "execution_time_seconds": 472.4722785949707,
    "avg_wait_time": 31.0,
    "max_wait_time": 31,
    "total_wait_time": 1798.0,
    "evaluation_ticks": 3600,
    "total_energy_consumed": 2126.1304908050497,
    "energy_per_order": 55.95080238960657,
    "robot_utilization": 0.42391666666666533,
    "total_stop_go_events": 2281,
    "avg_traffic_rate": 0.022106333381716206,
    "avg_intersection_congestion": 1.1111111111111112,
    "max_intersection_congestion": 2,
    "spillback_penalty_total": 13499.0,
    "signal_switch_count": 1575,
    "total_reward": 0.0
  }
}