{
  "generation": 1,
  "best_idx": 2,
  "best_fitness": 1393459.8499999908,
  "all_fitness": [
    1008350.3999999908,
    990366.1249999913,
    1393459.8499999908,
    1122029.8999999922,
    804453.3749999971,
    920057.8499999956,
    674895.3750000009,
    759688.3999999985,
    749550.4499999975,
    1023826.5249999919,
    911577.2249999943,
    1017274.6999999923,
    1117366.6999999897,
    1006762.9249999948,
    1103891.324999991,
    1193519.5249999957,
    893317.0249999965,
    894780.5499999911,
    948885.2749999935,
    822282.6749999966
  ],
  "best_individual_metrics": {
    "completed_orders": 49,
    "total_orders": 80,
    "completion_rate": 0.6125,
    "avg_order_processing_time": 700.4081632653061,
    "total_completion_time": 34320,
    "execution_time_seconds": 530.2429893016815,
    "avg_wait_time": 30.576271186440678,
    "max_wait_time": 31,
    "total_wait_time": 1804.0,
    "evaluation_ticks": 3200,
    "total_energy_consumed": 2327.8622795837396,
    "energy_per_order": 47.507393460892644,
    "robot_utilization": 0.9364166666666665,
    "total_stop_go_events": 2692,
    "avg_traffic_rate": 0.026269825675805884,
    "avg_intersection_congestion": 1.5,
    "max_intersection_congestion": 4,
    "spillback_penalty_total": 0.0,
    "signal_switch_count": 2103,
    "total_reward": 1393459.8499999908
  }
}