{
  "generation": 14,
  "best_idx": 1,
  "best_fitness": 143767.19999999972,
  "all_fitness": [
    107609.72499999982,
    143767.19999999972,
    117495.975,
    131755.04999999964,
    106120.1499999998,
    129215.8999999997,
    90912.82499999985,
    82225.09999999979,
    134015.24999999962,
    130978.12499999975,
    66800.82499999981,
    123728.34999999986,
    106788.34999999989,
    81330.77499999988,
    95855.99999999983,
    109276.74999999996,
    89363.62499999972,
    123661.72499999979,
    119460.07499999975,
    112299.19999999991
  ],
  "best_individual_metrics": {
    "completed_orders": 17,
    "total_orders": 58,
    "completion_rate": 0.29310344827586204,
    "avg_order_processing_time": 289.5882352941176,
    "total_completion_time": 4923,
    "execution_time_seconds": 181.0684871673584,
    "avg_wait_time": 31.0,
    "max_wait_time": 31,
    "total_wait_time": 1023.0,
    "evaluation_ticks": 996,
    "total_energy_consumed": 1747.50825823101,
    "energy_per_order": 102.79460342535353,
    "robot_utilization": 0.8541111111111037,
    "total_stop_go_events": 990,
    "avg_traffic_rate": 0.02474643832728282,
    "avg_intersection_congestion": 1.375,
    "max_intersection_congestion": 3,
    "spillback_penalty_total": 0.0,
    "signal_switch_count": 754,
    "total_reward": 143767.19999999972
  }
}