{
  "generation": 9,
  "best_idx": 2,
  "best_fitness": 4.387251452155362,
  "all_fitness": [
    3.364924559217773,
    3.5813790375937766,
    4.387251452155362,
    3.0446781810927863,
    2.354236825796324,
    3.497318341838042,
    4.025564677974477,
    3.2097139360880225,
    -1000000000.0,
    2.4773804909324744,
    3.3718793273831493,
    2.923594224873258,
    3.952247341184264,
    3.2349305572593896,
    3.021138637722162,
    4.3768994157909455,
    3.4138114806567814,
    3.371016086208184,
    3.7900524330106,
    3.298833143934888
  ],
  "best_individual_metrics": {
    "completed_orders": 47,
    "total_orders": 80,
    "completion_rate": 0.5875,
    "avg_order_processing_time": 708.531914893617,
    "total_completion_time": 33301,
    "execution_time_seconds": 514.5944535732269,
    "avg_wait_time": 31.0,
    "max_wait_time": 31,
    "total_wait_time": 2046.0,
    "evaluation_ticks": 3467,
    "total_energy_consumed": 1597.151615842131,
    "energy_per_order": 33.98194927323683,
    "robot_utilization": 0.9119166666666665,
    "total_stop_go_events": 2411,
    "avg_traffic_rate": 0.023144429173051106,
    "avg_intersection_congestion": 1.0588235294117647,
    "max_intersection_congestion": 2,
    "spillback_penalty_total": 13266.0,
    "signal_switch_count": 1789,
    "total_reward": 0.0
  }
}