{
  "generation": 23,
  "best_idx": 2,
  "best_fitness": 184447.97500000015,
  "all_fitness": [
    151218.95000000004,
    85469.77499999982,
    184447.97500000015,
    124879.29999999984,
    123133.12499999975,
    107854.09999999989,
    114631.37499999997,
    119440.89999999988,
    110224.97499999919,
    -1000000000.0,
    135303.7499999999,
    146063.9500000004,
    122377.92499999964,
    95820.52499999967,
    114684.62499999988,
    111025.34999999979,
    131658.7,
    119334.04999999992,
    133605.02500000017,
    108691.57499999959
  ],
  "best_individual_metrics": {
    "completed_orders": 11,
    "total_orders": 58,
    "completion_rate": 0.1896551724137931,
    "avg_order_processing_time": 261.54545454545456,
    "total_completion_time": 2877,
    "execution_time_seconds": 170.71527981758118,
    "avg_wait_time": 30.125,
    "max_wait_time": 31,
    "total_wait_time": 1205.0,
    "evaluation_ticks": 1442,
    "total_energy_consumed": 687.3033147960552,
    "energy_per_order": 62.48211952691411,
    "robot_utilization": 0.7488888888888763,
    "total_stop_go_events": 959,
    "avg_traffic_rate": 0.025364078814608462,
    "avg_intersection_congestion": 1.7142857142857142,
    "max_intersection_congestion": 3,
    "spillback_penalty_total": 0.0,
    "signal_switch_count": 645,
    "total_reward": 184447.97500000015
  }
}