{
  "generation": 7,
  "best_idx": 17,
  "best_fitness": 1457318.8499999854,
  "all_fitness": [
    1110353.6749999921,
    1269186.9499999902,
    939965.199999992,
    1156470.599999989,
    977219.1749999915,
    901196.1749999953,
    964208.6249999934,
    1175102.1499999943,
    970638.1749999931,
    1068636.499999992,
    972459.0749999938,
    874888.2749999993,
    1173114.0249999918,
    886519.8749999985,
    1182610.1999999871,
    940946.9999999945,
    869040.9999999944,
    1457318.8499999854,
    1007838.2999999934,
    934644.2999999953
  ],
  "best_individual_metrics": {
    "completed_orders": 43,
    "total_orders": 80,
    "completion_rate": 0.5375,
    "avg_order_processing_time": 703.4418604651163,
    "total_completion_time": 30248,
    "execution_time_seconds": 466.2018721103668,
    "avg_wait_time": 30.85483870967742,
    "max_wait_time": 31,
    "total_wait_time": 1913.0,
    "evaluation_ticks": 3808,
    "total_energy_consumed": 2317.3389229420086,
    "energy_per_order": 53.89160285911648,
    "robot_utilization": 0.9418333333333331,
    "total_stop_go_events": 2491,
    "avg_traffic_rate": 0.022145723224121838,
    "avg_intersection_congestion": 1.0909090909090908,
    "max_intersection_congestion": 2,
    "spillback_penalty_total": 0.0,
    "signal_switch_count": 1664,
    "total_reward": 1457318.8499999854
  }
}