{
  "generation": 30,
  "best_idx": 17,
  "best_fitness": 4.023419619643962,
  "all_fitness": [
    2.527834980786455,
    1.820862630977818,
    1.8102135016589638,
    1.4112302178143799,
    2.4192150299135844,
    2.8128193579640595,
    1.8634864683085672,
    2.378078114908581,
    1.5375659364047753,
    1.8131623345203147,
    1.6172890915498408,
    1.885719397550129,
    1.6736485589591839,
    1.869067021709294,
    1.7016156112760052,
    1.6173884412709887,
    2.883009232427735,
    4.023419619643962,
    2.358807206321087,
    1.4298843473566014
  ],
  "best_individual_metrics": {
    "completed_orders": 20,
    "total_orders": 26,
    "completion_rate": 0.7692307692307693,
    "avg_order_processing_time": 286.45,
    "total_completion_time": 5729.0,
    "execution_time_seconds": 169.40684366226196,
    "avg_wait_time": 30.609756097560975,
    "max_wait_time": 31,
    "total_wait_time": 1255.0,
    "evaluation_ticks": 1222,
    "total_energy_consumed": 867.9174463176062,
    "energy_per_order": 43.39587231588031,
    "robot_utilization": 0.9417777777777749,
    "total_stop_go_events": 955,
    "avg_traffic_rate": 0.025433102451519786,
    "avg_intersection_congestion": 1.1666666666666667,
    "max_intersection_congestion": 3,
    "spillback_penalty_total": 6855.0,
    "signal_switch_count": 684,
    "total_reward": 0.0
  }
}