{
  "generation": 4,
  "best_idx": 19,
  "best_fitness": 3.9519827178343347,
  "all_fitness": [
    2.387036756310565,
    2.5117021851428567,
    -1000000000.0,
    2.079840125058939,
    2.701738976071736,
    3.7514350436952584,
    2.5221651309349804,
    2.763042134983011,
    2.8463355278821605,
    2.9733176079047534,
    2.160147862902874,
    3.0110492196273118,
    1.9118322829303742,
    3.364056808717571,
    2.3343306576413094,
    2.6127495285317623,
    1.833250848541466,
    2.250415613930697,
    2.6044855444378894,
    3.9519827178343347
  ],
  "best_individual_metrics": {
    "completed_orders": 37,
    "total_orders": 47,
    "completion_rate": 0.7872340425531915,
    "avg_order_processing_time": 303.6756756756757,
    "total_completion_time": 11236,
    "execution_time_seconds": 469.2796051502228,
    "avg_wait_time": 30.616666666666667,
    "max_wait_time": 31,
    "total_wait_time": 1837.0,
    "evaluation_ticks": 3625,
    "total_energy_consumed": 1807.7823006062413,
    "energy_per_order": 48.85898109746598,
    "robot_utilization": 0.9023749999999998,
    "total_stop_go_events": 2515,
    "avg_traffic_rate": 0.024130535790759727,
    "avg_intersection_congestion": 1.2,
    "max_intersection_congestion": 2,
    "spillback_penalty_total": 10544.0,
    "signal_switch_count": 1854,
    "total_reward": 0.0
  }
}