{
  "generation": 1,
  "best_idx": 6,
  "best_fitness": -2192.099005489678,
  "all_fitness": [
    -6791.420887421506,
    -3764.7511452513977,
    -5369.692230598215,
    -5110.3095069338915,
    -2815.097876070772,
    -3714.260557148498,
    -2192.099005489678,
    -7195.734308231381,
    -3311.2833104618976,
    -5977.97241505081
  ]
}