{
  "generation": 2,
  "best_idx": 0,
  "best_fitness": 84.19999999999999,
  "all_fitness": [
    84.19999999999999
  ]
}