{
  "generation": 1,
  "best_idx": 3,
  "best_fitness": 169854.90000000008,
  "all_fitness": [
    115092.22499999987,
    133769.82499999992,
    -1000000000.0,
    169854.90000000008,
    -1000000000.0,
    94978.39999999994,
    101521.02499999995,
    59490.24999999982,
    112525.87499999987,
    -1000000000.0,
    89306.44999999962,
    -1000000000.0,
    79872.62499999985,
    -1000000000.0,
    -1000000000.0,
    111429.97499999982,
    101696.57499999998,
    -1000000000.0,
    -1000000000.0,
    -1000000000.0
  ],
  "best_individual_metrics": {
    "completed_orders": 15,
    "total_orders": 58,
    "completion_rate": 0.25862068965517243,
    "avg_order_processing_time": 234.33333333333334,
    "total_completion_time": 3515,
    "execution_time_seconds": 193.20077323913574,
    "avg_wait_time": 31.0,
    "max_wait_time": 31,
    "total_wait_time": 1085.0,
    "evaluation_ticks": 1336,
    "total_energy_consumed": 1078.152691699995,
    "energy_per_order": 71.876846113333,
    "robot_utilization": 0.8373333333333252,
    "total_stop_go_events": 895,
    "avg_traffic_rate": 0.02384821437781884,
    "avg_intersection_congestion": 1.25,
    "max_intersection_congestion": 2,
    "spillback_penalty_total": 0.0,
    "signal_switch_count": 675,
    "total_reward": 169854.90000000008
  }
}