{
  "generation": 11,
  "best_idx": 16,
  "best_fitness": 2.2426570069014926,
  "all_fitness": [
    1.6653582609369664,
    2.0499347509863806,
    1.8651595281496254,
    2.1867161474740135,
    1.623867440574781,
    1.4889062270155513,
    -1000000000.0,
    1.5213913375801928,
    1.9565980292438865,
    1.9479683637891685,
    1.4371622983113492,
    1.6994134764072992,
    1.392699179954318,
    1.6484573263028623,
    -1000000000.0,
    1.2891138051093125,
    2.2426570069014926,
    -1000000000.0,
    -1000000000.0,
    1.9513106000028675
  ],
  "best_individual_metrics": {
    "completed_orders": 18,
    "total_orders": 58,
    "completion_rate": 0.3103448275862069,
    "avg_order_processing_time": 309.1111111111111,
    "total_completion_time": 5564,
    "execution_time_seconds": 173.64213609695435,
    "avg_wait_time": 31.0,
    "max_wait_time": 31,
    "total_wait_time": 1054.0,
    "evaluation_ticks": 884,
    "total_energy_consumed": 1553.8780017987199,
    "energy_per_order": 86.32655565548444,
    "robot_utilization": 0.8135555555555462,
    "total_stop_go_events": 1069,
    "avg_traffic_rate": 0.02841839781877214,
    "avg_intersection_congestion": 1.25,
    "max_intersection_congestion": 3,
    "spillback_penalty_total": 12897.0,
    "signal_switch_count": 671,
    "total_reward": 0.0
  }
}