{
  "generation": 18,
  "best_idx": 15,
  "best_fitness": 4.29417898292651,
  "all_fitness": [
    2.3929686846460125,
    2.7716846194235734,
    2.257754061844076,
    2.3083730068573045,
    -1000000000.0,
    4.171018438743744,
    2.36026314064754,
    2.611561699867217,
    2.3980758411251313,
    2.405715146158851,
    3.9362619920896695,
    2.261156815843832,
    2.397031455585423,
    3.3135736033667302,
    2.6674868705931822,
    4.29417898292651,
    3.2124983099559907,
    2.573485058587788,
    2.5958347063768707,
    3.117559310190133
  ],
  "best_individual_metrics": {
    "completed_orders": 37,
    "total_orders": 48,
    "completion_rate": 0.7708333333333334,
    "avg_order_processing_time": 350.0810810810811,
    "total_completion_time": 12953,
    "execution_time_seconds": 473.34706354141235,
    "avg_wait_time": 31.0,
    "max_wait_time": 31,
    "total_wait_time": 1860.0,
    "evaluation_ticks": 3730,
    "total_energy_consumed": 1756.3055668600568,
    "energy_per_order": 47.46771802324478,
    "robot_utilization": 0.9067499999999997,
    "total_stop_go_events": 2498,
    "avg_traffic_rate": 0.025226520176562996,
    "avg_intersection_congestion": 1.125,
    "max_intersection_congestion": 2,
    "spillback_penalty_total": 9057.0,
    "signal_switch_count": 1830,
    "total_reward": 0.0
  }
}