{
  "generation": 1,
  "best_idx": 1,
  "best_fitness": 3546.253898362498,
  "all_fitness": [
    3326.7142399687505,
    3546.253898362498
  ]
}