{
  "generation": 7,
  "best_idx": 14,
  "best_fitness": 1426831.4999999886,
  "all_fitness": [
    1131227.299999988,
    1363263.8749999872,
    992287.574999993,
    -1000000000.0,
    889729.9999999941,
    1233231.9749999817,
    1111689.97499999,
    1234385.8249999983,
    1221768.7749999862,
    1267984.8999999887,
    1043034.7999999879,
    1284141.3499999873,
    1132570.2749999873,
    -1000000000.0,
    1426831.4999999886,
    1156325.3249999862,
    1151148.1999999913,
    939316.9249999917,
    986237.8749999909,
    1319340.1249999949
  ],
  "best_individual_metrics": {
    "completed_orders": 47,
    "total_orders": 80,
    "completion_rate": 0.5875,
    "avg_order_processing_time": 646.8936170212766,
    "total_completion_time": 30404,
    "execution_time_seconds": 405.5811433792114,
    "avg_wait_time": 30.955223880597014,
    "max_wait_time": 31,
    "total_wait_time": 2074.0,
    "evaluation_ticks": 3070,
    "total_energy_consumed": 2797.6263518839733,
    "energy_per_order": 59.523964933701556,
    "robot_utilization": 0.9267083333333332,
    "total_stop_go_events": 2742,
    "avg_traffic_rate": 0.02714249048335022,
    "avg_intersection_congestion": 1.2222222222222223,
    "max_intersection_congestion": 2,
    "spillback_penalty_total": 0.0,
    "signal_switch_count": 2071,
    "total_reward": 1426831.4999999886
  }
}