{
  "generation": 17,
  "best_idx": 2,
  "best_fitness": 2.814940308581967,
  "all_fitness": [
    1.6457612722538981,
    1.7382277589717543,
    2.814940308581967,
    2.805154256964995,
    2.5054828562602283,
    1.2673131885593751,
    1.6621575185350312,
    1.4906831051008809,
    1.6611991814208946,
    2.658557074402334,
    1.521755713567585,
    2.3264910710675943,
    1.6580656424065392,
    2.1903165270531644,
    1.6615112093846631,
    1.9334806589406242,
    2.045531405906774,
    1.5193247470910245,
    1.901366572579388,
    2.190028024191609
  ],
  "best_individual_metrics": {
    "completed_orders": 19,
    "total_orders": 26,
    "completion_rate": 0.7307692307692307,
    "avg_order_processing_time": 243.78947368421052,
    "total_completion_time": 4632.0,
    "execution_time_seconds": 167.9003415107727,
    "avg_wait_time": 30.193548387096776,
    "max_wait_time": 31,
    "total_wait_time": 936.0,
    "evaluation_ticks": 1125,
    "total_energy_consumed": 1223.9814212017407,
    "energy_per_order": 64.42007480009161,
    "robot_utilization": 0.7957777777777671,
    "total_stop_go_events": 969,
    "avg_traffic_rate": 0.032260588352400844,
    "avg_intersection_congestion": 1.3,
    "max_intersection_congestion": 2,
    "spillback_penalty_total": 10377.0,
    "signal_switch_count": 637,
    "total_reward": 0.0
  }
}