{
  "generation": 4,
  "best_idx": 2,
  "best_fitness": 153046.9999999998,
  "all_fitness": [
    126219.97499999974,
    122849.52499999976,
    153046.9999999998,
    108222.79999999958,
    116430.29999999961,
    137653.59999999942,
    135781.12500000003,
    137957.2250000001,
    110411.42499999994,
    102795.67499999977,
    107903.99999999999,
    62029.54999999975,
    59666.3499999999,
    97322.34999999985,
    114503.44999999978,
    102485.37499999972,
    117761.67499999994,
    146582.99999999997,
    99184.14999999979,
    89862.19999999972
  ],
  "best_individual_metrics": {
    "completed_orders": 8,
    "total_orders": 58,
    "completion_rate": 0.13793103448275862,
    "avg_order_processing_time": 247.375,
    "total_completion_time": 1979,
    "execution_time_seconds": 157.69566345214844,
    "avg_wait_time": 31.0,
    "max_wait_time": 31,
    "total_wait_time": 961.0,
    "evaluation_ticks": 1054,
    "total_energy_consumed": 1377.1859526032538,
    "energy_per_order": 172.14824407540672,
    "robot_utilization": 0.92711111111111,
    "total_stop_go_events": 885,
    "avg_traffic_rate": 0.021137568550415625,
    "avg_intersection_congestion": 1.4,
    "max_intersection_congestion": 2,
    "spillback_penalty_total": 0.0,
    "signal_switch_count": 442,
    "total_reward": 153046.9999999998
  }
}