{
  "generation": 4,
  "best_idx": 19,
  "best_fitness": 1499016.0249999876,
  "all_fitness": [
    1338513.524999992,
    1479972.9749999885,
    1181644.0749999906,
    715280.6999999997,
    -1000000000.0,
    1025609.3249999936,
    793404.4499999956,
    1093426.3499999892,
    947847.0249999908,
    1000613.549999992,
    978760.0499999926,
    673346.6250000003,
    962073.1749999876,
    1192694.0999999875,
    936470.524999995,
    961529.1249999917,
    1279268.8999999915,
    925042.4749999943,
    1206594.8999999876,
    1499016.0249999876
  ],
  "best_individual_metrics": {
    "completed_orders": 42,
    "total_orders": 80,
    "completion_rate": 0.525,
    "avg_order_processing_time": 722.1904761904761,
    "total_completion_time": 30332,
    "execution_time_seconds": 487.92174792289734,
    "avg_wait_time": 30.5,
    "max_wait_time": 31,
    "total_wait_time": 2013.0,
    "evaluation_ticks": 3610,
    "total_energy_consumed": 1766.8328629217895,
    "energy_per_order": 42.06744911718546,
    "robot_utilization": 0.9144583333333329,
    "total_stop_go_events": 2406,
    "avg_traffic_rate": 0.023185070156222516,
    "avg_intersection_congestion": 1.0909090909090908,
    "max_intersection_congestion": 2,
    "spillback_penalty_total": 0.0,
    "signal_switch_count": 1853,
    "total_reward": 1499016.0249999876
  }
}