{
  "generation": 6,
  "best_idx": 6,
  "best_fitness": 165193.34999999974,
  "all_fitness": [
    78817.4,
    93974.84999999982,
    113059.72499999961,
    108401.6999999995,
    131782.79999999978,
    130204.22499999992,
    165193.34999999974,
    155534.10000000056,
    123074.72499999957,
    130204.2749999995,
    103454.57500000003,
    94725.87499999987,
    117809.44999999976,
    92710.94999999965,
    124885.12499999959,
    126322.92499999945,
    131697.7499999995,
    91942.69999999975,
    97378.12499999988,
    139265.12499999994
  ],
  "best_individual_metrics": {
    "completed_orders": 13,
    "total_orders": 58,
    "completion_rate": 0.22413793103448276,
    "avg_order_processing_time": 212.69230769230768,
    "total_completion_time": 2765,
    "execution_time_seconds": 125.74470043182373,
    "avg_wait_time": 31.0,
    "max_wait_time": 31,
    "total_wait_time": 868.0,
    "evaluation_ticks": 1182,
    "total_energy_consumed": 1062.148393632091,
    "energy_per_order": 81.70372258708393,
    "robot_utilization": 0.8043333333333236,
    "total_stop_go_events": 937,
    "avg_traffic_rate": 0.022951265929352784,
    "avg_intersection_congestion": 1.25,
    "max_intersection_congestion": 3,
    "spillback_penalty_total": 0.0,
    "signal_switch_count": 693,
    "total_reward": 165193.34999999974
  }
}