{
  "generation": 24,
  "best_idx": 14,
  "best_fitness": 4.638547235396622,
  "all_fitness": [
    4.22123502886303,
    3.2298566866052933,
    3.1057999765464825,
    3.9226463148180537,
    3.4365122506916217,
    3.5223496650845068,
    3.1910824879687083,
    3.5497330355290573,
    3.6016065592304276,
    3.0038556317562524,
    3.8049281171136653,
    3.5598742737195983,
    -1000000000.0,
    4.191579879804833,
    4.638547235396622,
    3.5728173469574576,
    3.179846080809077,
    3.2964618180411467,
    3.109334126947964,
    4.1744760741370115
  ],
  "best_individual_metrics": {
    "completed_orders": 44,
    "total_orders": 80,
    "completion_rate": 0.55,
    "avg_order_processing_time": 714.8181818181819,
    "total_completion_time": 31452,
    "execution_time_seconds": 333.3451335430145,
    "avg_wait_time": 31.0,
    "max_wait_time": 31,
    "total_wait_time": 1953.0,
    "evaluation_ticks": 3425,
    "total_energy_consumed": 1984.5711529873754,
    "energy_per_order": 45.103889840622166,
    "robot_utilization": 0.9079583333333334,
    "total_stop_go_events": 2298,
    "avg_traffic_rate": 0.023328767972475916,
    "avg_intersection_congestion": 1.0909090909090908,
    "max_intersection_congestion": 2,
    "spillback_penalty_total": 10773.0,
    "signal_switch_count": 1954,
    "total_reward": 0.0
  }
}