{
  "generation": 2,
  "best_idx": 0,
  "best_fitness": 592.1480193801756,
  "all_fitness": [
    592.1480193801756,
    244.31021022097576
  ]
}