{
  "generation": 23,
  "best_idx": 16,
  "best_fitness": 3.9710900059284153,
  "all_fitness": [
    2.4058164054685407,
    2.8723993426908367,
    1.6069098115530736,
    1.4104032013099472,
    1.780009755294454,
    2.5171794358501005,
    2.666745392731999,
    1.7319538065491817,
    2.964417233659241,
    1.754771499231,
    1.5045226898272381,
    2.9582548733353033,
    0.6188381964395312,
    2.500108948300681,
    1.5126005697411373,
    2.250391922820781,
    3.9710900059284153,
    2.3390417831601393,
    1.727779980309707,
    2.2025444472339575
  ],
  "best_individual_metrics": {
    "completed_orders": 16,
    "total_orders": 25,
    "completion_rate": 0.64,
    "avg_order_processing_time": 332.0,
    "total_completion_time": 5312.0,
    "execution_time_seconds": 172.3492875099182,
    "avg_wait_time": 30.25,
    "max_wait_time": 31,
    "total_wait_time": 968.0,
    "evaluation_ticks": 1442,
    "total_energy_consumed": 832.4091433749885,
    "energy_per_order": 52.02557146093678,
    "robot_utilization": 0.7801111111110999,
    "total_stop_go_events": 906,
    "avg_traffic_rate": 0.024135551001812163,
    "avg_intersection_congestion": 1.1818181818181819,
    "max_intersection_congestion": 3,
    "spillback_penalty_total": 4975.0,
    "signal_switch_count": 671,
    "total_reward": 0.0
  }
}