{
  "generation": 9,
  "best_idx": 1,
  "best_fitness": 1482411.174999985,
  "all_fitness": [
    1080675.07499999,
    1482411.174999985,
    1030922.8999999902,
    1235365.0499999851,
    1019135.4749999945,
    1168395.3249999876,
    820126.9249999922,
    751869.199999998,
    1341937.1249999842,
    955855.9749999943,
    959703.6499999946,
    1353894.2999999863,
    960354.0249999926,
    1184031.0499999844,
    996643.2249999961,
    977204.0749999906,
    1097029.5749999888,
    1278767.5749999792,
    1298933.7749999913,
    1224421.9749999861
  ],
  "best_individual_metrics": {
    "completed_orders": 45,
    "total_orders": 80,
    "completion_rate": 0.5625,
    "avg_order_processing_time": 680.9111111111112,
    "total_completion_time": 30641,
    "execution_time_seconds": 509.50138568878174,
    "avg_wait_time": 30.6984126984127,
    "max_wait_time": 31,
    "total_wait_time": 1934.0,
    "evaluation_ticks": 3433,
    "total_energy_consumed": 2579.55872301982,
    "energy_per_order": 57.32352717821822,
    "robot_utilization": 0.9240833333333331,
    "total_stop_go_events": 2454,
    "avg_traffic_rate": 0.0243020994658681,
    "avg_intersection_congestion": 1.0909090909090908,
    "max_intersection_congestion": 2,
    "spillback_penalty_total": 0.0,
    "signal_switch_count": 1895,
    "total_reward": 1482411.174999985
  }
}