{
  "generation": 27,
  "best_idx": 13,
  "best_fitness": 161393.34999999995,
  "all_fitness": [
    93511.02499999982,
    94217.04999999968,
    94737.49999999996,
    134121.39999999985,
    152944.5749999997,
    137634.69999999987,
    111059.09999999967,
    155037.42500000045,
    149201.8249999995,
    125802.77500000008,
    128873.55000000012,
    87546.74999999978,
    111574.87499999985,
    161393.34999999995,
    102460.14999999978,
    99738.87499999985,
    113188.64999999972,
    85530.94999999988,
    108066.22499999983,
    96732.39999999992
  ],
  "best_individual_metrics": {
    "completed_orders": 17,
    "total_orders": 58,
    "completion_rate": 0.29310344827586204,
    "avg_order_processing_time": 270.5882352941176,
    "total_completion_time": 4600,
    "execution_time_seconds": 191.92803692817688,
    "avg_wait_time": 30.45945945945946,
    "max_wait_time": 31,
    "total_wait_time": 1127.0,
    "evaluation_ticks": 1081,
    "total_energy_consumed": 1390.4871844873446,
    "energy_per_order": 81.79336379337322,
    "robot_utilization": 0.8274444444444358,
    "total_stop_go_events": 1065,
    "avg_traffic_rate": 0.02798333771686311,
    "avg_intersection_congestion": 1.2,
    "max_intersection_congestion": 3,
    "spillback_penalty_total": 0.0,
    "signal_switch_count": 788,
    "total_reward": 161393.34999999995
  }
}