{
  "generation": 19,
  "best_idx": 12,
  "best_fitness": 2.406693914805513,
  "all_fitness": [
    1.5477728611796833,
    2.007986626781922,
    1.3464859562771356,
    1.4170315798507112,
    1.5514886442395415,
    1.5072537572367875,
    1.5442706812845362,
    -1000000000.0,
    2.255675038392458,
    1.6046629761503117,
    1.5033761334796794,
    1.6153513274555757,
    2.406693914805513,
    1.7152995488055989,
    1.6689055603383276,
    2.022584654762202,
    1.28547479048766,
    1.5526210863888479,
    1.2881356711871452,
    1.6812463757953078
  ],
  "best_individual_metrics": {
    "completed_orders": 17,
    "total_orders": 58,
    "completion_rate": 0.29310344827586204,
    "avg_order_processing_time": 281.94117647058823,
    "total_completion_time": 4793,
    "execution_time_seconds": 133.73951768875122,
    "avg_wait_time": 30.386363636363637,
    "max_wait_time": 31,
    "total_wait_time": 1337.0,
    "evaluation_ticks": 916,
    "total_energy_consumed": 1672.6386466167237,
    "energy_per_order": 98.39050862451316,
    "robot_utilization": 0.8615555555555486,
    "total_stop_go_events": 1037,
    "avg_traffic_rate": 0.02499929408975401,
    "avg_intersection_congestion": 1.25,
    "max_intersection_congestion": 2,
    "spillback_penalty_total": 10960.0,
    "signal_switch_count": 714,
    "total_reward": 0.0
  }
}