{
  "generation": 9,
  "best_idx": 16,
  "best_fitness": 209988.50000000015,
  "all_fitness": [
    168881.17499999964,
    108697.52499999982,
    84496.72499999963,
    109199.29999999981,
    132361.59999999977,
    112308.75000000016,
    134390.97499999971,
    78203.37499999974,
    113992.94999999982,
    90871.22499999992,
    119443.40000000001,
    84822.2749999999,
    71920.0999999999,
    79225.14999999985,
    -1000000000.0,
    127880.77499999988,
    209988.50000000015,
    171711.70000000022,
    104958.09999999976,
    103748.00000000006
  ],
  "best_individual_metrics": {
    "completed_orders": 9,
    "total_orders": 58,
    "completion_rate": 0.15517241379310345,
    "avg_order_processing_time": 287.55555555555554,
    "total_completion_time": 2588,
    "execution_time_seconds": 174.52697896957397,
    "avg_wait_time": 29.954545454545453,
    "max_wait_time": 31,
    "total_wait_time": 659.0,
    "evaluation_ticks": 1058,
    "total_energy_consumed": 1880.9192639955963,
    "energy_per_order": 208.99102933284405,
    "robot_utilization": 0.8836666666666607,
    "total_stop_go_events": 1039,
    "avg_traffic_rate": 0.03276597281264427,
    "avg_intersection_congestion": 1.2857142857142858,
    "max_intersection_congestion": 2,
    "spillback_penalty_total": 0.0,
    "signal_switch_count": 803,
    "total_reward": 209988.50000000015
  }
}