{
  "generation": 8,
  "best_idx": 17,
  "best_fitness": 1479113.224999988,
  "all_fitness": [
    1036023.4749999917,
    1431248.1499999831,
    1368318.124999983,
    1063342.1999999946,
    1076913.4249999933,
    1117567.749999988,
    1093578.649999991,
    1318823.3749999844,
    1114735.6249999912,
    1225685.6999999858,
    1131255.3249999909,
    1277586.7249999898,
    884346.0499999977,
    1123129.3249999885,
    1355329.4999999905,
    1211269.7749999843,
    914326.8999999966,
    1479113.224999988,
    1320703.6749999835,
    1264788.1749999807
  ],
  "best_individual_metrics": {
    "completed_orders": 46,
    "total_orders": 80,
    "completion_rate": 0.575,
    "avg_order_processing_time": 644.8913043478261,
    "total_completion_time": 29665,
    "execution_time_seconds": 486.1832604408264,
    "avg_wait_time": 31.0,
    "max_wait_time": 31,
    "total_wait_time": 1271.0,
    "evaluation_ticks": 3855,
    "total_energy_consumed": 1899.378118118483,
    "energy_per_order": 41.29082865474963,
    "robot_utilization": 0.9383333333333331,
    "total_stop_go_events": 2443,
    "avg_traffic_rate": 0.024505195610677422,
    "avg_intersection_congestion": 1.0714285714285714,
    "max_intersection_congestion": 2,
    "spillback_penalty_total": 0.0,
    "signal_switch_count": 1806,
    "total_reward": 1479113.224999988
  }
}