{
  "generation": 26,
  "best_idx": 11,
  "best_fitness": 5.501692321555958,
  "all_fitness": [
    4.034189402164707,
    4.306082103167705,
    3.957379316161485,
    3.6790994573452016,
    3.2971855804489834,
    2.9249727815776883,
    4.027892911800944,
    -1000000000.0,
    3.9519383623912696,
    4.242178820773165,
    3.9021151963985874,
    5.501692321555958,
    2.7544691699347053,
    3.480947009893213,
    4.0415815075916735,
    3.1020347555214562,
    3.357073430127871,
    3.6715598289708766,
    2.6460520777638323,
    4.764693583901285
  ],
  "best_individual_metrics": {
    "completed_orders": 43,
    "total_orders": 80,
    "completion_rate": 0.5375,
    "avg_order_processing_time": 669.6744186046511,
    "total_completion_time": 28796,
    "execution_time_seconds": 339.0333340167999,
    "avg_wait_time": 31.0,
    "max_wait_time": 31,
    "total_wait_time": 2015.0,
    "evaluation_ticks": 4044,
    "total_energy_consumed": 1145.5387807310667,
    "energy_per_order": 26.640436761187598,
    "robot_utilization": 0.9148333333333332,
    "total_stop_go_events": 2406,
    "avg_traffic_rate": 0.024049338271988355,
    "avg_intersection_congestion": 1.2,
    "max_intersection_congestion": 2,
    "spillback_penalty_total": 7517.0,
    "signal_switch_count": 1939,
    "total_reward": 0.0
  }
}