{
  "generation": 19,
  "best_idx": 0,
  "best_fitness": 165585.94999999992,
  "all_fitness": [
    165585.94999999992,
    92394.44999999987,
    108422.29999999987,
    155040.82500000024,
    92701.52499999994,
    96148.44999999969,
    148767.47500000018,
    87588.19999999992,
    111021.37500000017,
    124320.49999999974,
    93491.94999999982,
    112150.27499999967,
    88574.69999999985,
    101589.94999999976,
    106898.84999999987,
    116952.79999999961,
    125315.82499999972,
    145695.52500000014,
    97933.74999999975,
    101454.62499999981
  ],
  "best_individual_metrics": {
    "completed_orders": 15,
    "total_orders": 58,
    "completion_rate": 0.25862068965517243,
    "avg_order_processing_time": 312.1333333333333,
    "total_completion_time": 4682,
    "execution_time_seconds": 176.6044626235962,
    "avg_wait_time": 30.58823529411765,
    "max_wait_time": 31,
    "total_wait_time": 1040.0,
    "evaluation_ticks": 1046,
    "total_energy_consumed": 1176.1463182451332,
    "energy_per_order": 78.40975454967555,
    "robot_utilization": 0.7951111111111008,
    "total_stop_go_events": 1056,
    "avg_traffic_rate": 0.026169310263694706,
    "avg_intersection_congestion": 1.125,
    "max_intersection_congestion": 2,
    "spillback_penalty_total": 0.0,
    "signal_switch_count": 781,
    "total_reward": 165585.94999999992
  }
}