{
  "generation": 2,
  "best_idx": 1,
  "best_fitness": -5.967952600000002,
  "all_fitness": [
    -7.62703174375,
    -5.967952600000002
  ]
}