{
  "generation": 21,
  "best_idx": 14,
  "best_fitness": 2.6780681729392724,
  "all_fitness": [
    2.4569777789376066,
    2.5120297551063135,
    1.7028590461275992,
    2.650973685460628,
    2.032864957025026,
    1.10932040627017,
    1.9175833019459934,
    -1000000000.0,
    2.633846825270316,
    1.112615207777286,
    1.7448615330199122,
    1.52573576123898,
    1.4661594380236307,
    1.7909457830262299,
    2.6780681729392724,
    1.7643843577203244,
    1.6127946665385098,
    1.6073011010796066,
    1.7275177677548137,
    1.836523062700436
  ],
  "best_individual_metrics": {
    "completed_orders": 15,
    "total_orders": 58,
    "completion_rate": 0.25862068965517243,
    "avg_order_processing_time": 256.6666666666667,
    "total_completion_time": 3850,
    "execution_time_seconds": 152.9424066543579,
    "avg_wait_time": 31.0,
    "max_wait_time": 31,
    "total_wait_time": 992.0,
    "evaluation_ticks": 1225,
    "total_energy_consumed": 741.046649806807,
    "energy_per_order": 49.403109987120466,
    "robot_utilization": 0.8259999999999913,
    "total_stop_go_events": 871,
    "avg_traffic_rate": 0.02359151827174077,
    "avg_intersection_congestion": 1.25,
    "max_intersection_congestion": 3,
    "spillback_penalty_total": 8128.0,
    "signal_switch_count": 629,
    "total_reward": 0.0
  }
}