{
  "generation": 26,
  "best_idx": 9,
  "best_fitness": 3.4407497898528514,
  "all_fitness": [
    1.4065805046372546,
    2.5036478246510407,
    1.3587617518590893,
    2.103515783460154,
    2.786671759643859,
    2.5969677460408827,
    2.8394743995624987,
    1.6126682936853942,
    1.9259720853730895,
    3.4407497898528514,
    1.7271460330985797,
    1.2626763495975029,
    1.3396066693362845,
    1.6325774299688116,
    1.9846303610066354,
    1.6843293230814087,
    1.4002220106587158,
    2.9293344349507615,
    2.2067804374889564,
    2.49640636487605
  ],
  "best_individual_metrics": {
    "completed_orders": 18,
    "total_orders": 58,
    "completion_rate": 0.3103448275862069,
    "avg_order_processing_time": 312.72222222222223,
    "total_completion_time": 5629,
    "execution_time_seconds": 145.2859480381012,
    "avg_wait_time": 30.5,
    "max_wait_time": 31,
    "total_wait_time": 976.0,
    "evaluation_ticks": 1236,
    "total_energy_consumed": 858.3576671586142,
    "energy_per_order": 47.68653706436746,
    "robot_utilization": 0.8417777777777695,
    "total_stop_go_events": 916,
    "avg_traffic_rate": 0.02726118356746024,
    "avg_intersection_congestion": 1.1818181818181819,
    "max_intersection_congestion": 2,
    "spillback_penalty_total": 7377.0,
    "signal_switch_count": 680,
    "total_reward": 0.0
  }
}