{
  "generation": 2,
  "best_idx": 18,
  "best_fitness": 4.537261247290573,
  "all_fitness": [
    2.461196453094126,
    3.3251417730903667,
    2.725148797048555,
    2.991213045546185,
    3.101241903878355,
    3.196369514463583,
    2.642152144830123,
    2.667764998479188,
    2.663275533203468,
    2.717690714802954,
    2.8710140053950965,
    4.006263528071346,
    4.118260836861586,
    3.2502618429268364,
    3.4401564916452605,
    3.8979114000729025,
    2.915877882622711,
    3.0778232784282933,
    4.537261247290573,
    3.4175917969464855
  ],
  "best_individual_metrics": {
    "completed_orders": 45,
    "total_orders": 80,
    "completion_rate": 0.5625,
    "avg_order_processing_time": 654.8888888888889,
    "total_completion_time": 29470,
    "execution_time_seconds": 510.15799283981323,
    "avg_wait_time": 31.0,
    "max_wait_time": 31,
    "total_wait_time": 1674.0,
    "evaluation_ticks": 3560,
    "total_energy_consumed": 1977.5444512279973,
    "energy_per_order": 43.94543224951105,
    "robot_utilization": 0.9188749999999999,
    "total_stop_go_events": 2410,
    "avg_traffic_rate": 0.024101397130646265,
    "avg_intersection_congestion": 1.3636363636363635,
    "max_intersection_congestion": 2,
    "spillback_penalty_total": 11638.0,
    "signal_switch_count": 1967,
    "total_reward": 0.0
  }
}