{
  "generation": 6,
  "best_idx": 3,
  "best_fitness": 2.9336398598671694,
  "all_fitness": [
    1.5240730403855078,
    1.6527390281538303,
    1.9096317143614,
    2.9336398598671694,
    1.7059249215097863,
    1.6736270948689351,
    1.3843270590533028,
    1.4594514369815947,
    1.5157573944950513,
    1.916313943369362,
    1.9557902070798545,
    1.6539312963339297,
    1.4997127752976656,
    1.7933274530638457,
    1.9135564842022177,
    1.6479206099137689,
    2.54254486599412,
    1.9599107159901215,
    -1000000000.0,
    2.2790734973607
  ],
  "best_individual_metrics": {
    "completed_orders": 19,
    "total_orders": 24,
    "completion_rate": 0.7916666666666666,
    "avg_order_processing_time": 234.89473684210526,
    "total_completion_time": 4463.0,
    "execution_time_seconds": 157.31822514533997,
    "avg_wait_time": 31.0,
    "max_wait_time": 31,
    "total_wait_time": 1023.0,
    "evaluation_ticks": 1228,
    "total_energy_consumed": 1331.9186602004133,
    "energy_per_order": 70.10098211581123,
    "robot_utilization": 0.18555555555551467,
    "total_stop_go_events": 782,
    "avg_traffic_rate": 0.02131446060277459,
    "avg_intersection_congestion": 1.1666666666666667,
    "max_intersection_congestion": 2,
    "spillback_penalty_total": 9820.0,
    "signal_switch_count": 586,
    "total_reward": 0.0
  }
}