{
  "generation": 12,
  "best_idx": 11,
  "best_fitness": 158813.92500000025,
  "all_fitness": [
    117462.7499999997,
    121735.52500000001,
    133321.39999999988,
    100134.24999999967,
    129354.87499999967,
    100616.52499999963,
    115971.67499999951,
    107381.2749999999,
    102223.3499999993,
    114211.97499999987,
    148273.2750000004,
    158813.92500000025,
    117856.47499999989,
    110630.67499999992,
    124445.95000000007,
    121535.37499999959,
    122643.62499999965,
    103134.7249999999,
    139351.12499999994,
    109705.72500000002
  ],
  "best_individual_metrics": {
    "completed_orders": 17,
    "total_orders": 58,
    "completion_rate": 0.29310344827586204,
    "avg_order_processing_time": 316.0,
    "total_completion_time": 5372,
    "execution_time_seconds": 174.93220734596252,
    "avg_wait_time": 31.0,
    "max_wait_time": 31,
    "total_wait_time": 1085.0,
    "evaluation_ticks": 957,
    "total_energy_consumed": 1180.6203496944745,
    "energy_per_order": 69.44825586438085,
    "robot_utilization": 0.8039999999999902,
    "total_stop_go_events": 1099,
    "avg_traffic_rate": 0.027376743844975498,
    "avg_intersection_congestion": 1.125,
    "max_intersection_congestion": 2,
    "spillback_penalty_total": 0.0,
    "signal_switch_count": 774,
    "total_reward": 158813.92500000025
  }
}