{
  "generation": 25,
  "best_idx": 16,
  "best_fitness": 3.44148511242995,
  "all_fitness": [
    1.64621301769493,
    2.1692528390790433,
    1.3823823487018734,
    2.54177868862789,
    1.742830749132147,
    2.1922782602712614,
    2.179025455853211,
    1.782799915996391,
    2.6365796269588606,
    1.4039203101916327,
    0.9057731786402284,
    1.5277439660590084,
    1.3664342856682,
    3.019862840708752,
    1.542289626246489,
    2.5171681454936183,
    3.44148511242995,
    1.6191208537499737,
    2.6737061760433436,
    2.5213370552455507
  ],
  "best_individual_metrics": {
    "completed_orders": 15,
    "total_orders": 58,
    "completion_rate": 0.25862068965517243,
    "avg_order_processing_time": 252.86666666666667,
    "total_completion_time": 3793,
    "execution_time_seconds": 168.70853281021118,
    "avg_wait_time": 30.806451612903224,
    "max_wait_time": 31,
    "total_wait_time": 955.0,
    "evaluation_ticks": 1312,
    "total_energy_consumed": 841.6685835170445,
    "energy_per_order": 56.111238901136296,
    "robot_utilization": 0.7764444444444332,
    "total_stop_go_events": 958,
    "avg_traffic_rate": 0.026038734742597654,
    "avg_intersection_congestion": 1.6,
    "max_intersection_congestion": 3,
    "spillback_penalty_total": 5633.0,
    "signal_switch_count": 596,
    "total_reward": 0.0
  }
}