{
  "generation": 23,
  "best_idx": 16,
  "best_fitness": 185158.27500000063,
  "all_fitness": [
    146371.60000000018,
    122051.52499999962,
    132435.99999999988,
    144982.47500000006,
    104555.97499999963,
    -1000000000.0,
    114010.97499999983,
    121530.74999999977,
    165029.49999999997,
    97773.24999999974,
    139323.42499999996,
    77805.99999999977,
    112587.69999999974,
    134300.87499999977,
    157822.97499999995,
    128067.12499999994,
    185158.27500000063,
    80101.74999999965,
    96416.27500000005,
    103319.64999999986
  ],
  "best_individual_metrics": {
    "completed_orders": 14,
    "total_orders": 58,
    "completion_rate": 0.2413793103448276,
    "avg_order_processing_time": 224.57142857142858,
    "total_completion_time": 3144,
    "execution_time_seconds": 166.69764304161072,
    "avg_wait_time": 30.486486486486488,
    "max_wait_time": 31,
    "total_wait_time": 1128.0,
    "evaluation_ticks": 1084,
    "total_energy_consumed": 1697.167046779787,
    "energy_per_order": 121.22621762712764,
    "robot_utilization": 0.7937777777777673,
    "total_stop_go_events": 934,
    "avg_traffic_rate": 0.025307572303426163,
    "avg_intersection_congestion": 1.2,
    "max_intersection_congestion": 3,
    "spillback_penalty_total": 0.0,
    "signal_switch_count": 661,
    "total_reward": 185158.27500000063
  }
}