{
  "generation": 2,
  "best_idx": 9,
  "best_fitness": -2350.9763418108428,
  "all_fitness": [
    -6129.895272335064,
    -4808.751472655754,
    -6401.381810504817,
    -3700.387929577316,
    -2650.6860190021384,
    -3156.7490042016507,
    -1000000000.0,
    -3846.105160818282,
    -5515.296564289306,
    -2350.9763418108428
  ]
}