{
  "generation": 10,
  "best_idx": 12,
  "best_fitness": 4.806303746698517,
  "all_fitness": [
    3.041401014786754,
    3.4122758050429614,
    3.0980690867065594,
    3.12151707610562,
    3.2515418923696915,
    3.032663789954255,
    3.736681242026894,
    -1000000000.0,
    3.341376093201508,
    3.001790129495597,
    4.327991137220522,
    3.158040344679726,
    4.806303746698517,
    3.1320958247005217,
    3.352587033164912,
    2.7589119843652803,
    4.59641300796066,
    3.3695567651548197,
    4.777218345686645,
    3.3792872454641816
  ],
  "best_individual_metrics": {
    "completed_orders": 46,
    "total_orders": 80,
    "completion_rate": 0.575,
    "avg_order_processing_time": 601.8913043478261,
    "total_completion_time": 27687,
    "execution_time_seconds": 534.0891110897064,
    "avg_wait_time": 31.0,
    "max_wait_time": 31,
    "total_wait_time": 2108.0,
    "evaluation_ticks": 3471,
    "total_energy_consumed": 1485.2845939718065,
    "energy_per_order": 32.28879552112623,
    "robot_utilization": 0.9183333333333332,
    "total_stop_go_events": 2456,
    "avg_traffic_rate": 0.024991848761210758,
    "avg_intersection_congestion": 1.1,
    "max_intersection_congestion": 2,
    "spillback_penalty_total": 10993.0,
    "signal_switch_count": 1883,
    "total_reward": 0.0
  }
}