{
  "generation": 20,
  "best_idx": 0,
  "best_fitness": 141473.62500000012,
  "all_fitness": [
    141473.62500000012,
    136115.2499999997,
    110485.60000000003,
    116150.34999999999,
    139085.65000000017,
    105303.74999999991,
    134647.14999999985,
    83726.55000000003,
    117341.6749999998,
    -1000000000.0,
    116901.44999999974,
    118324.60000000008,
    -1000000000.0,
    46691.199999999975,
    -1000000000.0,
    122051.27499999956,
    126023.9999999997,
    124500.42499999996,
    115915.62499999993,
    122298.02499999944
  ],
  "best_individual_metrics": {
    "completed_orders": 13,
    "total_orders": 58,
    "completion_rate": 0.22413793103448276,
    "avg_order_processing_time": 313.9230769230769,
    "total_completion_time": 4081,
    "execution_time_seconds": 159.35322761535645,
    "avg_wait_time": 30.454545454545453,
    "max_wait_time": 31,
    "total_wait_time": 1005.0,
    "evaluation_ticks": 1001,
    "total_energy_consumed": 1678.6934884505501,
    "energy_per_order": 129.13026834235,
    "robot_utilization": 0.8563333333333262,
    "total_stop_go_events": 947,
    "avg_traffic_rate": 0.021393993082722794,
    "avg_intersection_congestion": 1.125,
    "max_intersection_congestion": 2,
    "spillback_penalty_total": 0.0,
    "signal_switch_count": 566,
    "total_reward": 141473.62500000012
  }
}