{
  "generation": 1,
  "best_idx": 0,
  "best_fitness": 4.104899842570739,
  "all_fitness": [
    4.104899842570739,
    2.959976704036869,
    4.060001068001562,
    2.9689280669355202,
    3.2627684549995295,
    3.5658166565263554,
    3.009469160735265,
    3.169805426368721,
    2.445954328611067,
    -1000000000.0,
    -1000000000.0,
    2.3828386470152965,
    -1000000000.0,
    2.1223345411675116,
    3.180805480176573,
    2.7398170113036557,
    2.3082855040762325,
    2.953312409835201,
    2.4851916987393805,
    3.144820450978106
  ],
  "best_individual_metrics": {
    "completed_orders": 47,
    "total_orders": 80,
    "completion_rate": 0.5875,
    "avg_order_processing_time": 635.7659574468086,
    "total_completion_time": 29881,
    "execution_time_seconds": 527.4189889431,
    "avg_wait_time": 30.694915254237287,
    "max_wait_time": 31,
    "total_wait_time": 1811.0,
    "evaluation_ticks": 2890,
    "total_energy_consumed": 2244.624872704474,
    "energy_per_order": 47.757976014988806,
    "robot_utilization": 0.9331666666666665,
    "total_stop_go_events": 2648,
    "avg_traffic_rate": 0.02609519680642885,
    "avg_intersection_congestion": 1.2307692307692308,
    "max_intersection_congestion": 2,
    "spillback_penalty_total": 14675.0,
    "signal_switch_count": 2149,
    "total_reward": 0.0
  }
}