{
  "generation": 14,
  "best_idx": 11,
  "best_fitness": 210593.35000000076,
  "all_fitness": [
    137492.1249999997,
    116667.79999999957,
    95179.3249999998,
    101426.57499999991,
    119842.92499999967,
    121795.9249999998,
    62333.82499999981,
    109054.99999999985,
    132348.6499999995,
    196407.0500000012,
    93291.2249999998,
    210593.35000000076,
    89796.02499999988,
    134183.57499999987,
    163236.84999999986,
    105719.24999999987,
    140730.9749999996,
    137873.00000000012,
    110821.27499999982,
    81294.89999999985
  ],
  "best_individual_metrics": {
    "completed_orders": 13,
    "total_orders": 58,
    "completion_rate": 0.22413793103448276,
    "avg_order_processing_time": 252.15384615384616,
    "total_completion_time": 3278,
    "execution_time_seconds": 188.10098695755005,
    "avg_wait_time": 30.294117647058822,
    "max_wait_time": 31,
    "total_wait_time": 1030.0,
    "evaluation_ticks": 1357,
    "total_energy_consumed": 796.2791596329026,
    "energy_per_order": 61.25224304868482,
    "robot_utilization": 0.7889999999999895,
    "total_stop_go_events": 923,
    "avg_traffic_rate": 0.027152155607047736,
    "avg_intersection_congestion": 1.4285714285714286,
    "max_intersection_congestion": 2,
    "spillback_penalty_total": 0.0,
    "signal_switch_count": 596,
    "total_reward": 210593.35000000076
  }
}