{
  "generation": 26,
  "best_idx": 10,
  "best_fitness": 1589468.5749999848,
  "all_fitness": [
    1397533.5499999921,
    1067838.9999999895,
    1270897.099999984,
    1261745.399999987,
    1144634.349999987,
    1043660.2749999948,
    1054772.7499999893,
    989315.799999993,
    1034518.7999999911,
    1185402.5499999858,
    1589468.5749999848,
    1145223.7999999914,
    -1000000000.0,
    1475105.0499999872,
    -1000000000.0,
    1046954.2249999886,
    1114525.099999988,
    1301670.5499999826,
    1016279.4499999947,
    1200984.1249999907
  ],
  "best_individual_metrics": {
    "completed_orders": 44,
    "total_orders": 80,
    "completion_rate": 0.55,
    "avg_order_processing_time": 626.0454545454545,
    "total_completion_time": 27546,
    "execution_time_seconds": 492.32142663002014,
    "avg_wait_time": 30.350877192982455,
    "max_wait_time": 31,
    "total_wait_time": 1730.0,
    "evaluation_ticks": 3903,
    "total_energy_consumed": 2095.231671709034,
    "energy_per_order": 47.61890162975077,
    "robot_utilization": 0.9122083333333331,
    "total_stop_go_events": 2634,
    "avg_traffic_rate": 0.025191215474390308,
    "avg_intersection_congestion": 1.2222222222222223,
    "max_intersection_congestion": 3,
    "spillback_penalty_total": 0.0,
    "signal_switch_count": 1976,
    "total_reward": 1589468.5749999848
  }
}