{
  "generation": 24,
  "best_idx": 0,
  "best_fitness": 1653943.6249999774,
  "all_fitness": [
    1653943.6249999774,
    952057.8999999897,
    967268.2749999926,
    1102320.174999994,
    1216978.649999987,
    833576.2749999958,
    1089086.4999999923,
    1149370.5249999948,
    1089233.4999999898,
    1361296.0499999882,
    1371608.7749999848,
    1309033.4249999886,
    1146251.4249999903,
    1246538.2499999935,
    1148022.7249999875,
    1236667.9499999846,
    970172.7499999902,
    1092859.1749999928,
    1229669.8749999846,
    1279691.3249999909
  ],
  "best_individual_metrics": {
    "completed_orders": 44,
    "total_orders": 80,
    "completion_rate": 0.55,
    "avg_order_processing_time": 624.4772727272727,
    "total_completion_time": 27477,
    "execution_time_seconds": 483.90601229667664,
    "avg_wait_time": 30.387096774193548,
    "max_wait_time": 31,
    "total_wait_time": 1884.0,
    "evaluation_ticks": 3674,
    "total_energy_consumed": 2360.0717436589434,
    "energy_per_order": 53.6379941740669,
    "robot_utilization": 0.9308333333333332,
    "total_stop_go_events": 2527,
    "avg_traffic_rate": 0.024396382402468605,
    "avg_intersection_congestion": 1.5714285714285714,
    "max_intersection_congestion": 3,
    "spillback_penalty_total": 0.0,
    "signal_switch_count": 1923,
    "total_reward": 1653943.6249999774
  }
}