{
  "generation": 22,
  "best_idx": 9,
  "best_fitness": 1630426.4999999749,
  "all_fitness": [
    1214971.3249999888,
    1155705.1499999913,
    1252585.6749999837,
    1357842.5249999876,
    1260376.7249999838,
    1158770.8749999898,
    1127101.6499999927,
    1606193.8749999932,
    957336.7249999971,
    1630426.4999999749,
    879702.9249999906,
    830485.0749999962,
    1112875.9249999875,
    1304236.6499999813,
    1341182.5999999864,
    1213308.999999992,
    1409494.4499999846,
    1214960.7499999872,
    1552485.8249999778,
    1618186.274999985
  ],
  "best_individual_metrics": {
    "completed_orders": 45,
    "total_orders": 80,
    "completion_rate": 0.5625,
    "avg_order_processing_time": 687.4444444444445,
    "total_completion_time": 30935,
    "execution_time_seconds": 510.4757573604584,
    "avg_wait_time": 31.0,
    "max_wait_time": 31,
    "total_wait_time": 1860.0,
    "evaluation_ticks": 3798,
    "total_energy_consumed": 1679.3201936490202,
    "energy_per_order": 37.31822652553378,
    "robot_utilization": 0.9105416666666665,
    "total_stop_go_events": 2490,
    "avg_traffic_rate": 0.0235196762923487,
    "avg_intersection_congestion": 1.2,
    "max_intersection_congestion": 2,
    "spillback_penalty_total": 0.0,
    "signal_switch_count": 1907,
    "total_reward": 1630426.4999999749
  }
}