{
  "generation": 16,
  "best_idx": 11,
  "best_fitness": 4.532982426396781,
  "all_fitness": [
    3.2290279058844074,
    4.303479564431734,
    3.394663854255769,
    3.2631197672952212,
    2.5873998683876303,
    3.6113102057512316,
    2.7139227007021343,
    3.4177831142679382,
    3.0279217200571718,
    3.308424687106682,
    2.750900399788685,
    4.532982426396781,
    3.529618905332203,
    3.896844714943331,
    4.070417469339059,
    2.9804890478082924,
    3.1430528784938683,
    4.313766775448075,
    3.3761057439680004,
    2.972067917580835
  ],
  "best_individual_metrics": {
    "completed_orders": 44,
    "total_orders": 80,
    "completion_rate": 0.55,
    "avg_order_processing_time": 650.8636363636364,
    "total_completion_time": 28638,
    "execution_time_seconds": 508.78537678718567,
    "avg_wait_time": 31.0,
    "max_wait_time": 31,
    "total_wait_time": 2108.0,
    "evaluation_ticks": 3832,
    "total_energy_consumed": 1702.6739813117756,
    "energy_per_order": 38.69713593890399,
    "robot_utilization": 0.9557500000000001,
    "total_stop_go_events": 2493,
    "avg_traffic_rate": 0.025389823895903867,
    "avg_intersection_congestion": 1.3,
    "max_intersection_congestion": 3,
    "spillback_penalty_total": 11243.0,
    "signal_switch_count": 1892,
    "total_reward": 0.0
  }
}