{
  "generation": 15,
  "best_idx": 14,
  "best_fitness": 179531.45000000088,
  "all_fitness": [
    143969.85000000027,
    158925.2999999999,
    138599.14999999985,
    127210.0999999996,
    89758.24999999988,
    88558.17499999987,
    143431.52499999967,
    97790.92499999983,
    -1000000000.0,
    129089.44999999976,
    103907.67499999984,
    115040.37499999997,
    121287.67499999967,
    -1000000000.0,
    179531.45000000088,
    107335.67499999967,
    118620.02499999989,
    134573.89999999976,
    116989.84999999974,
    135776.67499999967
  ],
  "best_individual_metrics": {
    "completed_orders": 16,
    "total_orders": 58,
    "completion_rate": 0.27586206896551724,
    "avg_order_processing_time": 304.375,
    "total_completion_time": 4870,
    "execution_time_seconds": 103.50765585899353,
    "avg_wait_time": 31.0,
    "max_wait_time": 31,
    "total_wait_time": 1147.0,
    "evaluation_ticks": 1279,
    "total_energy_consumed": 1494.5663227295838,
    "energy_per_order": 93.41039517059899,
    "robot_utilization": 0.7753333333333221,
    "total_stop_go_events": 868,
    "avg_traffic_rate": 0.023534758071084412,
    "avg_intersection_congestion": 1.1428571428571428,
    "max_intersection_congestion": 2,
    "spillback_penalty_total": 0.0,
    "signal_switch_count": 596,
    "total_reward": 179531.45000000088
  }
}