{
  "generation": 27,
  "best_idx": 5,
  "best_fitness": 2.954007687898269,
  "all_fitness": [
    2.6690140605041517,
    1.7089678914850939,
    1.609939248633609,
    1.60232185039238,
    2.0798941133871147,
    2.954007687898269,
    1.9884738123300336,
    2.343936228682932,
    1.8022895542657928,
    2.02326354321907,
    2.3935654221920317,
    -1000000000.0,
    -1000000000.0,
    -1000000000.0,
    2.1351161939808474,
    2.062910160596949,
    2.0341117775869884,
    2.676743594690314,
    2.709661126467159,
    1.8001391751469396
  ],
  "best_individual_metrics": {
    "completed_orders": 19,
    "total_orders": 58,
    "completion_rate": 0.3275862068965517,
    "avg_order_processing_time": 267.2105263157895,
    "total_completion_time": 5077,
    "execution_time_seconds": 189.01779508590698,
    "avg_wait_time": 31.0,
    "max_wait_time": 31,
    "total_wait_time": 1302.0,
    "evaluation_ticks": 1030,
    "total_energy_consumed": 1168.7984910639782,
    "energy_per_order": 61.51571005599885,
    "robot_utilization": 0.8857777777777718,
    "total_stop_go_events": 933,
    "avg_traffic_rate": 0.025332511828715664,
    "avg_intersection_congestion": 1.0833333333333333,
    "max_intersection_congestion": 2,
    "spillback_penalty_total": 9747.0,
    "signal_switch_count": 763,
    "total_reward": 0.0
  }
}