{
  "generation": 16,
  "best_idx": 19,
  "best_fitness": 3.8697651609271397,
  "all_fitness": [
    1.060538668860614,
    1.9280314978505901,
    1.7178744251811187,
    2.5457482556823945,
    1.639764734150408,
    2.956535761714492,
    0.7955114985304225,
    2.3715223305314543,
    1.774924703398671,
    2.1188027616731486,
    -1000000000.0,
    -1000000000.0,
    -1000000000.0,
    1.3971636094869766,
    -1000000000.0,
    2.8265255355785093,
    3.2723798691309898,
    1.2106571151707026,
    2.6544759286937927,
    3.8697651609271397
  ],
  "best_individual_metrics": {
    "completed_orders": 20,
    "total_orders": 25,
    "completion_rate": 0.8,
    "avg_order_processing_time": 275.85,
    "total_completion_time": 5517.0,
    "execution_time_seconds": 163.21248722076416,
    "avg_wait_time": 31.0,
    "max_wait_time": 31,
    "total_wait_time": 1023.0,
    "evaluation_ticks": 1188,
    "total_energy_consumed": 995.4454414461804,
    "energy_per_order": 49.77227207230902,
    "robot_utilization": 0.7241111111110973,
    "total_stop_go_events": 943,
    "avg_traffic_rate": 0.025208013434125754,
    "avg_intersection_congestion": 1.0909090909090908,
    "max_intersection_congestion": 2,
    "spillback_penalty_total": 7237.0,
    "signal_switch_count": 645,
    "total_reward": 0.0
  }
}