{
  "generation": 9,
  "best_idx": 10,
  "best_fitness": 175652.5,
  "all_fitness": [
    108885.87499999965,
    131077.5499999999,
    149427.4749999997,
    152504.69999999978,
    140396.2999999997,
    125410.20000000011,
    126572.42499999962,
    113561.22499999985,
    163950.15000000034,
    91138.59999999982,
    175652.5,
    98634.64999999983,
    141488.42500000016,
    131962.1499999996,
    114564.59999999985,
    169450.67500000054,
    139919.87499999994,
    -1000000000.0,
    -1000000000.0,
    115583.14999999982
  ],
  "best_individual_metrics": {
    "completed_orders": 13,
    "total_orders": 58,
    "completion_rate": 0.22413793103448276,
    "avg_order_processing_time": 243.46153846153845,
    "total_completion_time": 3165,
    "execution_time_seconds": 168.6830859184265,
    "avg_wait_time": 31.0,
    "max_wait_time": 31,
    "total_wait_time": 992.0,
    "evaluation_ticks": 1165,
    "total_energy_consumed": 1067.6995584003225,
    "energy_per_order": 82.13073526156327,
    "robot_utilization": 0.71544444444443,
    "total_stop_go_events": 860,
    "avg_traffic_rate": 0.02516572453932118,
    "avg_intersection_congestion": 1.2,
    "max_intersection_congestion": 2,
    "spillback_penalty_total": 0.0,
    "signal_switch_count": 607,
    "total_reward": 175652.5
  }
}