{
  "generation": 9,
  "best_idx": 5,
  "best_fitness": 4.193486549217296,
  "all_fitness": [
    2.5529746344084736,
    2.4712389720528627,
    3.118853607109414,
    2.576637172847316,
    2.414726381839255,
    4.193486549217296,
    3.3457580720618183,
    2.832188172515582,
    2.3544493504018726,
    3.457168049512462,
    2.168543843312216,
    3.211559726145539,
    2.7340572850286553,
    3.394703415865594,
    2.6267313026054846,
    2.227674458892099,
    3.079603480503558,
    3.3567917495024115,
    2.6478917028382107,
    2.5818955951576057
  ],
  "best_individual_metrics": {
    "completed_orders": 36,
    "total_orders": 47,
    "completion_rate": 0.7659574468085106,
    "avg_order_processing_time": 336.44444444444446,
    "total_completion_time": 12112,
    "execution_time_seconds": 481.22003269195557,
    "avg_wait_time": 30.9375,
    "max_wait_time": 31,
    "total_wait_time": 1980.0,
    "evaluation_ticks": 3570,
    "total_energy_consumed": 1844.839396834981,
    "energy_per_order": 51.245538800971694,
    "robot_utilization": 0.9126666666666663,
    "total_stop_go_events": 2457,
    "avg_traffic_rate": 0.024293989996586034,
    "avg_intersection_congestion": 1.3333333333333333,
    "max_intersection_congestion": 3,
    "spillback_penalty_total": 8985.0,
    "signal_switch_count": 1966,
    "total_reward": 0.0
  }
}