{
  "generation": 26,
  "best_idx": 2,
  "best_fitness": 184188.20000000024,
  "all_fitness": [
    138885.62500000015,
    121213.8749999997,
    184188.20000000024,
    127097.34999999973,
    109131.77499999997,
    163006.9999999998,
    173214.17500000045,
    143876.79999999973,
    180087.65000000037,
    112182.44999999956,
    99470.54999999983,
    145708.5250000002,
    91663.72499999973,
    113528.79999999942,
    149200.4750000002,
    120707.09999999971,
    112611.99999999975,
    136824.87499999994,
    120560.77499999925,
    -1000000000.0
  ],
  "best_individual_metrics": {
    "completed_orders": 12,
    "total_orders": 58,
    "completion_rate": 0.20689655172413793,
    "avg_order_processing_time": 261.25,
    "total_completion_time": 3135,
    "execution_time_seconds": 110.81651329994202,
    "avg_wait_time": 31.0,
    "max_wait_time": 31,
    "total_wait_time": 1023.0,
    "evaluation_ticks": 1415,
    "total_energy_consumed": 896.7969376450347,
    "energy_per_order": 74.73307813708622,
    "robot_utilization": 0.7501111111110985,
    "total_stop_go_events": 898,
    "avg_traffic_rate": 0.022387173517567492,
    "avg_intersection_congestion": 1.6666666666666667,
    "max_intersection_congestion": 3,
    "spillback_penalty_total": 0.0,
    "signal_switch_count": 620,
    "total_reward": 184188.20000000024
  }
}