{
  "generation": 24,
  "best_idx": 0,
  "best_fitness": 3.1699989093906495,
  "all_fitness": [
    3.1699989093906495,
    -1000000000.0,
    -1000000000.0,
    -1000000000.0,
    1.5752853979523942,
    2.361544897214868,
    1.6476916666118742,
    2.57134265778575,
    -1000000000.0,
    1.5566010012572842,
    2.3134670478707573,
    1.5775258901757583,
    1.144830093900186,
    1.858304854194532,
    1.8353056139673813,
    2.142196744200178,
    1.6819807621332317,
    1.7201579626781656,
    2.3630514661160014,
    1.8864688261983102
  ],
  "best_individual_metrics": {
    "completed_orders": 16,
    "total_orders": 58,
    "completion_rate": 0.27586206896551724,
    "avg_order_processing_time": 218.6875,
    "total_completion_time": 3499,
    "execution_time_seconds": 116.48639607429504,
    "avg_wait_time": 29.894736842105264,
    "max_wait_time": 31,
    "total_wait_time": 1136.0,
    "evaluation_ticks": 1238,
    "total_energy_consumed": 746.4068694307168,
    "energy_per_order": 46.6504293394198,
    "robot_utilization": 0.830555555555547,
    "total_stop_go_events": 1044,
    "avg_traffic_rate": 0.029626320502134356,
    "avg_intersection_congestion": 1.6666666666666667,
    "max_intersection_congestion": 3,
    "spillback_penalty_total": 7020.0,
    "signal_switch_count": 717,
    "total_reward": 0.0
  }
}