{
  "generation": 27,
  "best_idx": 7,
  "best_fitness": 215017.67500000075,
  "all_fitness": [
    105687.35,
    163201.45000000115,
    103973.4999999998,
    97507.72499999983,
    137907.67499999984,
    162661.52500000017,
    136144.85000000003,
    215017.67500000075,
    118864.8999999999,
    122937.9499999998,
    117918.29999999933,
    155074.92499999967,
    99050.02499999979,
    86805.97499999987,
    110807.8249999999,
    128167.17499999944,
    100053.0499999998,
    98919.89999999997,
    110060.69999999975,
    198683.30000000045
  ],
  "best_individual_metrics": {
    "completed_orders": 12,
    "total_orders": 58,
    "completion_rate": 0.20689655172413793,
    "avg_order_processing_time": 272.3333333333333,
    "total_completion_time": 3268,
    "execution_time_seconds": 193.35737085342407,
    "avg_wait_time": 30.358974358974358,
    "max_wait_time": 31,
    "total_wait_time": 1184.0,
    "evaluation_ticks": 1441,
    "total_energy_consumed": 741.8852007552409,
    "energy_per_order": 61.82376672960341,
    "robot_utilization": 0.7755555555555442,
    "total_stop_go_events": 973,
    "avg_traffic_rate": 0.02453425881247918,
    "avg_intersection_congestion": 1.4444444444444444,
    "max_intersection_congestion": 2,
    "spillback_penalty_total": 0.0,
    "signal_switch_count": 643,
    "total_reward": 215017.67500000075
  }
}