{
  "generation": 29,
  "best_idx": 2,
  "best_fitness": 181373.57500000042,
  "all_fitness": [
    112632.54999999994,
    148919.74999999974,
    181373.57500000042,
    112577.04999999971,
    -1000000000.0,
    116871.04999999978,
    88962.52499999988,
    -1000000000.0,
    -1000000000.0,
    120614.87499999981,
    105766.9999999998,
    108823.64999999985,
    137026.07499999966,
    166112.2750000002,
    120815.84999999987,
    120675.34999999971,
    131019.74999999955,
    104931.14999999959,
    113290.54999999978,
    138426.1249999999
  ],
  "best_individual_metrics": {
    "completed_orders": 14,
    "total_orders": 58,
    "completion_rate": 0.2413793103448276,
    "avg_order_processing_time": 232.21428571428572,
    "total_completion_time": 3251,
    "execution_time_seconds": 196.64414024353027,
    "avg_wait_time": 31.0,
    "max_wait_time": 31,
    "total_wait_time": 1023.0,
    "evaluation_ticks": 1226,
    "total_energy_consumed": 1277.1624579980248,
    "energy_per_order": 91.22588985700177,
    "robot_utilization": 0.8065555555555457,
    "total_stop_go_events": 941,
    "avg_traffic_rate": 0.024287767500471718,
    "avg_intersection_congestion": 1.3333333333333333,
    "max_intersection_congestion": 3,
    "spillback_penalty_total": 0.0,
    "signal_switch_count": 622,
    "total_reward": 181373.57500000042
  }
}