{
  "generation": 1,
  "best_idx": 3,
  "best_fitness": -864947.9744599725,
  "all_fitness": [
    -1345043.953210154,
    -1186265.219933081,
    -912564.4964421713,
    -864947.9744599725,
    -1458004.6634323448
  ]
}